year,team_id,batting_players,batting_age,runs_per_game,g,pa,ab,r,h,d,t,hr,rbi,sb,cs,bb,so,ba,obp,slg,ops,ops_plus,tb,gdp,hbp,sh,sf,ibb,lob
1988,ATL,40,28.9,3.47,160,6013,5440,555,1319,228,28,96,527,95,69,432,848,.242,.298,.348,.646,83,1891,136,21,74,46,59,1038
1988,BAL,43,27.7,3.42,161,5979,5358,550,1275,199,20,137,517,69,44,504,869,.238,.305,.359,.664,88,1925,140,32,40,45,31,1092
1988,BOS,37,28.8,5.02,162,6334,5545,813,1569,310,39,124,760,65,36,623,728,.283,.357,.420,.777,114,2329,139,45,66,55,53,1269
1988,CAL,44,29.5,4.41,162,6215,5582,714,1458,258,31,124,660,86,52,469,819,.261,.321,.385,.706,100,2150,120,49,63,52,48,1119
1988,CHC,39,27.6,4.05,163,6203,5675,660,1481,262,46,113,612,120,46,403,910,.261,.310,.383,.693,95,2174,109,21,57,46,58,1136
1988,CHW,44,27.2,3.92,161,6039,5449,631,1327,224,35,132,573,98,46,446,908,.244,.303,.370,.673,88,2017,118,34,67,43,50,1058
1988,CIN,45,27.5,3.98,161,6063,5426,641,1334,246,25,122,588,207,56,479,922,.246,.309,.368,.677,91,1996,99,37,69,51,60,1075
1988,CLE,44,28.1,4.11,162,6046,5505,666,1435,235,28,134,629,97,50,416,866,.261,.314,.387,.701,94,2128,108,37,36,51,43,1069
1988,DET,37,32.0,4.34,162,6153,5433,703,1358,213,28,143,650,87,42,588,841,.250,.324,.378,.703,100,2056,136,29,66,37,38,1124
1988,HOU,39,29.5,3.81,162,6127,5494,617,1338,239,31,96,575,198,71,474,840,.244,.306,.351,.657,92,1927,103,38,77,44,67,1087
1988,KCR,41,29.6,4.37,161,6086,5469,704,1419,275,40,121,671,137,54,486,944,.259,.321,.391,.712,98,2137,105,33,46,51,44,1104
1988,LAD,38,28.9,3.88,162,6045,5431,628,1346,217,25,99,587,131,46,437,947,.248,.305,.352,.657,90,1910,118,32,95,50,65,1075
1988,MIL,35,28.4,4.21,162,6066,5488,682,1409,258,26,113,632,159,55,439,911,.257,.314,.375,.689,92,2058,123,37,59,41,55,1058
1988,MIN,41,28.5,4.69,162,6181,5510,759,1508,294,31,151,710,107,63,528,832,.274,.340,.421,.761,111,2317,130,55,37,50,52,1158
1988,MON,40,28.2,3.85,163,6170,5573,628,1400,260,48,107,575,189,89,454,1053,.251,.309,.373,.682,92,2077,120,32,66,44,71,1081
1988,NYM,32,27.8,4.39,160,6105,5408,703,1387,251,24,152,659,140,51,544,842,.256,.325,.396,.721,111,2142,94,32,65,56,79,1138
1988,NYY,41,30.5,4.80,161,6297,5592,772,1469,272,12,148,713,146,39,588,935,.263,.333,.395,.728,105,2209,130,30,36,51,56,1170
1988,OAK,35,28.0,4.94,162,6356,5602,800,1474,251,22,156,752,129,54,580,926,.263,.336,.399,.736,109,2237,142,65,54,55,29,1158
1988,PHI,43,28.9,3.69,162,6055,5403,597,1294,246,31,106,567,112,49,489,981,.239,.306,.355,.661,89,1920,106,47,67,48,51,1115
1988,PIT,42,26.1,4.07,160,6091,5379,651,1327,240,45,110,619,119,60,553,947,.247,.317,.369,.687,99,1987,97,32,66,60,65,1137
1988,SDP,35,27.2,3.69,161,6032,5366,594,1325,205,35,94,566,123,50,494,892,.247,.310,.351,.661,91,1882,117,21,106,45,59,1109
1988,SEA,40,27.0,4.12,161,6018,5436,664,1397,271,27,148,617,95,61,461,787,.257,.317,.398,.716,97,2166,135,38,40,42,24,1044
1988,SFG,43,28.3,4.14,162,6178,5450,670,1353,227,44,113,629,121,78,550,1023,.248,.318,.368,.686,101,2007,96,33,91,51,71,1130
1988,STL,41,28.1,3.57,162,6177,5518,578,1373,207,33,71,536,234,64,484,827,.249,.309,.337,.646,85,1859,110,22,105,48,61,1174
1988,TEX,41,26.7,3.96,161,6157,5479,637,1378,227,39,112,589,130,57,542,1022,.252,.320,.368,.689,91,2019,111,35,48,53,43,1174
1988,TOR,35,27.4,4.71,162,6194,5557,763,1491,271,47,158,706,107,36,521,935,.268,.332,.419,.751,110,2330,145,31,34,50,35,1105
1989,ATL,46,28.0,3.63,161,6079,5463,584,1281,201,22,128,544,83,54,485,996,.234,.298,.350,.647,84,1910,94,24,65,42,51,1096
1989,BAL,40,27.1,4.37,162,6173,5440,708,1369,238,33,129,659,118,55,593,957,.252,.326,.379,.705,102,2060,140,30,63,47,44,1135
1989,BOS,35,29.4,4.78,162,6455,5666,774,1571,326,30,108,716,56,35,643,755,.277,.351,.403,.754,107,2281,169,36,52,58,57,1308
1989,CAL,37,29.8,4.13,162,6102,5545,669,1422,208,37,145,624,89,40,429,1011,.256,.311,.386,.696,98,2139,114,28,54,46,48,1090
1989,CHC,36,27.6,4.33,162,6141,5513,702,1438,235,45,124,653,136,57,472,921,.261,.319,.387,.707,95,2135,114,26,80,50,75,1093
1989,CHW,42,27.6,4.30,161,6132,5504,693,1493,262,36,94,661,97,52,464,873,.271,.328,.383,.711,103,2109,113,28,85,51,51,1141
1989,CIN,42,28.1,3.90,162,6158,5520,632,1362,243,28,128,588,128,71,493,1028,.247,.309,.370,.680,91,2045,96,30,66,49,67,1115
1989,CLE,47,27.1,3.73,162,6111,5463,604,1340,221,26,127,567,74,51,499,934,.245,.310,.365,.675,90,1994,109,35,72,41,52,1126
1989,DET,46,30.9,3.81,162,6133,5432,617,1315,198,24,116,564,103,50,585,899,.242,.318,.351,.669,91,1909,138,37,35,43,25,1167
1989,HOU,37,29.0,3.99,162,6200,5516,647,1316,239,28,97,598,144,62,530,860,.239,.306,.345,.651,89,1902,80,27,83,44,62,1125
1989,KCR,36,30.3,4.26,162,6151,5475,690,1428,227,41,101,653,154,51,554,897,.261,.329,.373,.702,98,2040,141,29,42,50,50,1147
1989,LAD,40,29.8,3.46,160,6124,5465,554,1313,241,17,89,513,81,54,507,885,.240,.306,.339,.645,86,1855,98,27,83,41,77,1171
1989,MIL,40,28.4,4.36,162,6085,5473,707,1415,235,32,126,660,165,62,455,791,.259,.318,.382,.701,98,2092,108,50,51,54,41,1076
1989,MIN,43,29.4,4.57,162,6207,5581,740,1542,278,35,117,691,111,53,478,743,.276,.334,.402,.736,102,2241,126,39,51,58,40,1170
1989,MON,39,28.9,3.90,162,6207,5482,632,1353,267,30,100,587,160,70,572,958,.247,.319,.361,.681,94,1980,119,35,71,46,83,1166
1989,NYM,42,27.5,4.22,162,6131,5489,683,1351,280,21,147,633,158,53,504,934,.246,.311,.385,.696,103,2114,87,33,56,48,69,1103
1989,NYY,49,28.6,4.34,161,6096,5458,698,1470,229,23,130,657,137,60,502,831,.269,.331,.391,.722,104,2135,130,27,58,49,48,1139
1989,OAK,41,29.3,4.40,162,6110,5416,712,1414,220,25,127,659,157,55,562,855,.261,.331,.381,.712,104,2065,163,34,36,62,37,1110
1989,PHI,48,28.9,3.86,163,6128,5447,629,1324,215,36,123,594,106,50,558,926,.243,.314,.364,.677,95,1980,107,22,57,42,57,1152
1989,PIT,45,27.0,3.88,164,6261,5539,637,1334,263,53,95,584,155,69,563,914,.241,.311,.359,.670,95,1988,115,24,83,51,91,1143
1989,SDP,40,27.8,3.96,162,6120,5422,642,1360,215,32,120,598,136,67,552,1013,.251,.319,.369,.688,96,1999,115,9,95,41,79,1134
1989,SEA,40,26.7,4.28,162,6134,5512,694,1417,237,29,134,653,81,55,489,838,.257,.320,.384,.703,96,2114,109,45,35,52,40,1113
1989,SFG,45,28.5,4.31,162,6139,5469,699,1365,241,52,141,647,87,54,508,1071,.250,.316,.390,.706,104,2133,84,40,82,39,83,1113
1989,STL,33,29.3,3.85,164,6141,5492,632,1418,263,47,73,587,155,54,507,848,.258,.321,.363,.684,93,1994,120,21,78,43,59,1143
1989,TEX,41,27.1,4.29,162,6099,5458,695,1433,260,46,122,654,101,49,503,989,.263,.326,.394,.721,101,2151,151,34,63,40,28,1105
1989,TOR,43,27.9,4.51,162,6216,5581,731,1449,265,40,142,685,144,58,521,923,.260,.323,.398,.721,107,2220,124,31,30,53,32,1102
1990,ATL,46,27.4,4.21,162,6084,5504,682,1376,263,26,162,636,92,55,473,1010,.250,.311,.396,.706,90,2177,101,27,49,31,36,1074
1990,BAL,47,27.3,4.16,161,6223,5410,669,1328,234,22,132,623,94,52,660,962,.245,.330,.370,.700,99,2002,131,40,72,41,50,1230
1990,BOS,43,29.0,4.31,162,6234,5516,699,1502,298,31,106,660,53,52,598,795,.272,.344,.395,.739,104,2180,174,28,48,44,59,1233
1990,CAL,43,29.7,4.26,162,6267,5570,690,1448,237,27,147,646,69,43,566,1000,.260,.329,.391,.720,104,2180,142,28,58,45,41,1202
1990,CHC,39,28.2,4.26,162,6149,5600,690,1474,240,36,136,649,151,50,406,869,.263,.314,.392,.706,87,2194,100,30,61,51,68,1124
1990,CHW,37,27.5,4.21,162,6038,5402,682,1393,251,44,106,637,140,90,478,903,.258,.320,.379,.699,97,2050,112,36,75,47,50,1044
1990,CIN,40,27.5,4.28,162,6163,5525,693,1466,284,40,125,644,166,66,466,913,.265,.325,.399,.724,95,2205,99,42,88,42,73,1137
1990,CLE,44,27.4,4.52,162,6087,5485,732,1465,266,41,110,675,107,52,458,836,.267,.324,.391,.714,100,2143,122,29,54,61,33,1061
1990,DET,43,30.6,4.63,162,6224,5479,750,1418,241,32,172,714,82,57,634,952,.259,.337,.409,.746,107,2239,139,34,36,41,44,1175
1990,HOU,44,28.4,3.54,162,6076,5379,573,1301,209,32,94,536,179,83,548,997,.242,.313,.345,.658,84,1856,107,28,79,41,64,1132
1990,KCR,46,29.7,4.39,161,6099,5488,707,1465,316,44,100,660,107,62,498,879,.267,.328,.395,.723,104,2169,132,27,31,54,32,1123
1990,LAD,46,29.7,4.49,162,6179,5491,728,1436,222,27,129,669,141,65,538,952,.262,.328,.382,.711,98,2099,110,31,71,48,78,1132
1990,MIL,43,29.4,4.52,162,6185,5503,732,1408,247,36,128,680,164,72,519,821,.256,.320,.384,.704,98,2111,101,33,59,71,46,1106
1990,MIN,39,29.4,4.11,162,6086,5499,666,1458,281,39,100,625,96,53,445,749,.265,.324,.385,.708,93,2117,148,53,40,49,32,1097
1990,MON,44,27.7,4.09,162,6189,5453,662,1363,227,43,114,607,235,99,576,1024,.250,.322,.370,.692,94,2018,96,26,87,47,67,1126
1990,NYM,44,27.5,4.78,162,6182,5504,775,1410,278,21,172,734,110,33,536,851,.256,.323,.408,.731,100,2246,89,32,54,56,65,1114
1990,NYY,43,28.2,3.72,162,6037,5483,603,1322,208,19,147,561,119,45,427,1027,.241,.300,.366,.667,86,2009,114,53,37,36,41,1060
1990,OAK,40,29.2,4.52,162,6240,5433,733,1379,209,22,164,693,141,54,651,992,.254,.336,.391,.727,108,2124,122,46,60,48,38,1195
1990,PHI,43,28.6,3.99,162,6245,5535,646,1410,237,27,103,619,108,35,582,915,.255,.327,.363,.690,91,2010,115,30,59,39,92,1242
1990,PIT,46,27.7,4.52,162,6161,5388,733,1395,288,42,138,693,137,52,582,914,.259,.330,.405,.735,105,2181,115,24,96,66,64,1121
1990,SDP,37,28.6,4.15,162,6218,5554,673,1429,243,35,123,628,138,59,509,902,.257,.320,.380,.700,92,2111,117,28,79,48,75,1139
1990,SEA,43,27.9,3.95,162,6207,5474,640,1419,251,26,107,610,105,51,596,749,.259,.333,.373,.707,98,2043,140,40,41,54,41,1227
1990,SFG,51,29.1,4.44,162,6216,5573,719,1459,221,35,152,681,109,56,488,973,.262,.323,.396,.718,101,2206,83,33,76,45,61,1167
1990,STL,43,29.4,3.70,162,6127,5462,599,1398,255,41,73,554,221,74,517,844,.256,.320,.358,.678,87,1954,101,21,77,50,54,1164
1990,TEX,40,27.6,4.17,162,6177,5469,676,1416,257,27,110,641,115,48,575,1054,.259,.331,.376,.707,98,2057,142,34,54,44,45,1168
1990,TOR,41,27.1,4.73,162,6223,5589,767,1479,263,50,167,729,111,52,526,970,.265,.328,.419,.747,103,2343,125,28,18,62,35,1113
1991,ATL,43,28.0,4.62,162,6182,5456,749,1407,255,30,141,704,165,76,563,906,.258,.328,.393,.722,98,2145,104,32,86,45,55,1111
1991,BAL,42,28.2,4.23,162,6257,5604,686,1421,256,29,170,660,50,33,528,974,.254,.319,.401,.720,102,2245,147,33,47,45,33,1162
1991,BOS,39,29.0,4.51,162,6259,5530,731,1486,305,25,126,691,59,39,593,820,.269,.340,.401,.741,101,2219,143,32,50,51,49,1216
1991,CAL,42,30.8,4.03,162,6050,5470,653,1396,245,29,115,607,94,56,448,928,.255,.314,.374,.688,91,2044,114,38,63,31,28,1073
1991,CHC,39,28.9,4.34,160,6130,5522,695,1395,232,26,159,654,123,64,442,879,.253,.309,.390,.700,93,2156,87,36,75,55,41,1074
1991,CHW,38,27.8,4.68,162,6360,5594,758,1464,226,39,139,722,134,74,610,896,.262,.336,.391,.727,103,2185,132,37,76,41,45,1183
1991,CIN,40,28.2,4.25,162,6134,5501,689,1419,250,27,164,654,124,56,488,1006,.258,.320,.403,.723,99,2215,85,32,72,41,54,1110
1991,CLE,53,25.6,3.56,162,6070,5470,576,1390,236,26,79,546,84,58,449,888,.254,.313,.350,.663,83,1915,146,43,62,46,24,1106
1991,DET,41,29.2,5.04,162,6359,5547,817,1372,259,26,209,778,109,47,699,1185,.247,.333,.416,.749,105,2310,90,31,38,44,40,1194
1991,HOU,44,26.1,3.73,162,6147,5504,605,1345,240,43,79,570,125,68,502,1027,.244,.309,.347,.656,91,1908,87,35,63,43,45,1131
1991,KCR,45,28.5,4.49,162,6244,5584,727,1475,290,41,117,689,119,68,523,969,.264,.328,.394,.722,100,2198,126,35,53,47,47,1117
1991,LAD,39,30.2,4.10,162,6159,5408,665,1366,191,29,108,605,126,68,583,957,.253,.326,.359,.685,95,1939,109,28,94,46,50,1151
1991,MIL,39,30.0,4.93,162,6311,5611,799,1523,247,53,116,750,106,68,556,802,.271,.336,.396,.732,104,2224,137,23,52,66,48,1122
1991,MIN,35,29.1,4.79,162,6218,5556,776,1557,270,42,140,733,107,68,526,747,.280,.344,.420,.764,107,2331,157,40,44,49,38,1137
1991,MON,38,27.7,3.60,161,6035,5412,579,1329,236,42,95,536,221,100,484,1056,.246,.308,.357,.666,88,1934,97,28,64,47,51,1074
1991,NYM,40,29.1,3.98,161,6077,5359,640,1305,250,24,117,605,153,70,578,789,.244,.317,.365,.682,93,1954,97,27,60,52,53,1114
1991,NYY,40,27.8,4.16,162,6140,5541,674,1418,249,19,147,630,109,36,473,861,.256,.316,.387,.704,94,2146,125,39,37,50,38,1101
1991,OAK,46,29.9,4.69,162,6192,5410,760,1342,246,19,159,716,151,64,642,981,.248,.331,.389,.719,104,2103,131,50,41,49,55,1105
1991,PHI,43,29.0,3.88,162,6133,5521,629,1332,248,33,111,590,92,30,490,1026,.241,.303,.358,.662,87,1979,114,21,52,49,48,1108
1991,PIT,43,28.1,4.74,162,6269,5449,768,1433,259,50,126,725,124,46,620,901,.263,.338,.398,.737,108,2170,111,35,99,66,62,1188
1991,SDP,48,28.0,3.93,162,6057,5408,636,1321,204,36,121,591,101,64,501,1069,.244,.310,.362,.673,87,1960,122,32,78,38,60,1080
1991,SEA,38,28.1,4.33,162,6237,5494,702,1400,268,29,126,665,97,44,588,811,.255,.328,.383,.711,97,2104,139,37,55,62,57,1150
1991,SFG,41,28.5,4.01,162,6098,5463,649,1345,215,48,141,605,95,57,471,973,.246,.309,.381,.690,97,2079,91,40,90,33,59,1110
1991,STL,36,28.5,4.02,162,6020,5362,651,1366,239,53,68,599,202,110,532,857,.255,.322,.357,.679,91,1915,94,21,58,47,48,1072
1991,TEX,49,27.7,5.12,162,6441,5703,829,1539,288,31,177,774,102,50,596,1039,.270,.341,.424,.765,113,2420,128,42,59,41,51,1187
1991,TOR,45,27.7,4.22,162,6167,5489,684,1412,295,45,133,649,148,53,499,1043,.257,.322,.400,.722,96,2196,108,58,56,65,49,1134
1992,ATL,41,28.4,4.21,162,6143,5480,682,1391,223,48,138,641,126,60,493,924,.254,.316,.388,.703,93,2124,82,26,93,50,58,1131
1992,BAL,38,28.5,4.35,162,6292,5485,705,1423,243,36,148,680,89,48,647,827,.259,.340,.398,.738,106,2182,139,51,50,59,55,1218
1992,BOS,38,28.9,3.70,162,6187,5461,599,1343,259,21,84,567,44,48,591,865,.246,.321,.347,.668,83,1896,118,31,60,43,46,1215
1992,CAL,41,28.1,3.57,162,5917,5364,579,1306,202,20,88,537,160,101,416,882,.243,.301,.338,.638,79,1812,137,40,56,40,40,975
1992,CHC,41,28.3,3.66,162,6156,5590,593,1420,221,41,104,566,77,51,417,816,.254,.307,.364,.671,88,2035,121,31,78,40,49,1148
1992,CHW,35,28.7,4.56,162,6267,5498,738,1434,269,36,110,686,160,57,622,784,.261,.336,.383,.718,102,2105,134,31,47,69,48,1174
1992,CIN,42,27.9,4.07,162,6162,5460,660,1418,281,44,99,606,125,65,563,888,.260,.328,.382,.710,98,2084,123,21,66,52,83,1181
1992,CLE,42,25.9,4.16,162,6201,5620,674,1495,227,24,127,637,144,67,448,885,.266,.323,.383,.706,99,2151,140,45,42,44,46,1105
1992,DET,34,29.8,4.88,162,6310,5515,791,1411,256,16,182,746,66,45,675,1055,.256,.337,.407,.744,108,2245,124,24,43,53,42,1188
1992,HOU,38,26.4,3.75,162,6163,5480,608,1350,255,38,96,582,139,54,506,1025,.246,.313,.359,.673,95,1969,97,48,88,40,65,1162
1992,KCR,42,28.9,3.77,162,6084,5501,610,1411,284,42,75,568,131,71,439,741,.256,.315,.364,.679,89,2004,121,51,45,46,30,1106
1992,LAD,36,28.3,3.38,162,6038,5368,548,1333,201,34,72,499,142,78,503,899,.248,.313,.339,.652,86,1818,111,24,102,40,36,1138
1992,MIL,35,29.7,4.57,162,6183,5504,740,1477,272,35,82,683,256,115,511,779,.268,.330,.375,.705,100,2065,102,33,61,72,45,1101
1992,MIN,39,28.7,4.61,162,6267,5582,747,1544,275,27,104,701,123,74,527,834,.277,.341,.391,.733,104,2185,130,53,46,59,53,1183
1992,MON,47,27.4,4.00,162,6120,5477,648,1381,263,37,102,601,196,63,463,976,.252,.313,.370,.682,93,2024,104,43,82,55,43,1087
1992,NYM,44,29.9,3.70,162,6061,5340,599,1254,259,17,93,564,129,52,572,956,.235,.310,.342,.652,86,1826,117,28,74,45,53,1098
1992,NYY,40,28.3,4.52,162,6262,5593,733,1462,281,18,163,703,78,37,536,903,.261,.328,.406,.733,106,2268,138,42,26,55,51,1157
1992,OAK,44,30.3,4.60,162,6275,5387,745,1389,219,24,142,693,143,59,707,831,.258,.346,.386,.732,111,2082,139,49,72,59,46,1225
1992,PHI,48,27.7,4.23,162,6172,5500,686,1392,255,36,118,638,127,31,509,1059,.253,.320,.377,.697,97,2073,111,52,64,46,45,1172
1992,PIT,43,28.8,4.28,162,6269,5527,693,1409,272,54,106,656,110,53,569,872,.255,.324,.381,.705,100,2107,102,25,89,56,88,1177
1992,SDP,39,28.4,3.81,162,6074,5476,617,1396,255,30,135,576,69,52,453,864,.255,.313,.386,.699,96,2116,126,26,78,41,67,1082
1992,SEA,48,28.3,4.19,162,6180,5564,679,1466,278,24,149,638,100,55,474,841,.263,.323,.402,.725,103,2239,148,38,52,51,47,1120
1992,SFG,40,28.1,3.54,162,6070,5456,574,1330,220,36,105,532,112,64,435,1067,.244,.302,.355,.657,90,1937,111,39,101,39,53,1087
1992,STL,39,28.6,3.90,162,6230,5594,631,1464,262,44,94,599,208,118,495,996,.262,.323,.375,.698,100,2096,96,32,68,41,49,1153
1992,TEX,52,27.4,4.21,162,6238,5537,682,1387,266,23,159,646,81,44,550,1036,.250,.321,.393,.714,103,2176,115,50,56,45,36,1172
1992,TOR,40,29.3,4.81,162,6224,5536,780,1458,265,40,163,737,129,39,561,933,.263,.333,.414,.747,106,2292,123,47,26,54,41,1159
1993,ATL,33,28.8,4.73,162,6234,5515,767,1444,239,29,169,712,125,48,560,946,.262,.331,.408,.739,97,2248,127,36,73,50,46,1165
1993,BAL,41,29.3,4.85,162,6310,5508,786,1470,287,24,157,744,73,54,655,930,.267,.346,.413,.759,101,2276,131,41,49,56,52,1202
1993,BOS,39,29.7,4.23,162,6196,5496,686,1451,319,29,114,644,73,38,508,871,.264,.330,.395,.725,90,2170,146,62,80,49,69,1154
1993,CAL,46,27.3,4.22,162,6089,5391,684,1399,259,24,114,644,169,100,564,930,.260,.331,.380,.711,90,2048,129,38,50,46,39,1089
1993,CHC,38,28.0,4.53,163,6217,5627,738,1521,259,32,161,706,100,43,446,923,.270,.325,.414,.739,99,2327,131,34,67,42,61,1133
1993,CHW,43,28.9,4.79,162,6253,5483,776,1454,228,44,162,731,106,57,604,834,.265,.338,.411,.750,103,2256,126,33,72,61,52,1150
1993,CIN,51,28.4,4.46,162,6164,5517,722,1457,261,28,137,669,142,59,485,1025,.264,.324,.396,.720,92,2185,104,32,63,66,42,1125
1993,CLE,48,27.2,4.88,162,6267,5619,790,1547,264,31,141,747,159,55,488,843,.275,.335,.409,.743,99,2296,131,49,39,72,57,1128
1993,COL,46,27.7,4.68,162,6073,5517,758,1507,278,59,142,704,146,90,388,944,.273,.323,.422,.745,87,2329,125,46,70,52,40,978
1993,DET,40,30.7,5.55,162,6505,5620,899,1546,282,38,178,853,104,63,765,1122,.275,.362,.434,.796,115,2438,101,35,33,52,50,1312
1993,FLA,43,27.7,3.59,162,6127,5475,581,1356,197,31,94,542,117,56,498,1054,.248,.314,.346,.660,74,1897,122,51,58,43,39,1183
1993,HOU,36,27.1,4.42,162,6136,5464,716,1459,288,37,138,656,103,60,497,911,.267,.330,.409,.739,102,2235,125,40,82,47,58,1116
1993,KCR,43,30.0,4.17,162,6101,5522,675,1455,294,35,125,641,100,75,428,936,.263,.320,.397,.717,88,2194,107,52,48,51,50,1090
1993,LAD,35,28.8,4.17,162,6261,5588,675,1458,234,28,130,639,126,61,492,937,.261,.321,.383,.704,93,2138,105,27,107,47,48,1162
1993,MIL,40,28.4,4.52,162,6222,5525,733,1426,240,25,125,688,138,93,555,932,.258,.328,.378,.706,91,2091,117,40,57,45,52,1112
1993,MIN,41,29.5,4.28,162,6209,5601,693,1480,261,27,121,642,83,59,493,850,.264,.327,.385,.713,92,2158,150,51,27,37,35,1145
1993,MON,48,25.7,4.49,163,6233,5493,732,1410,270,36,122,682,228,56,542,860,.257,.326,.386,.712,87,2118,95,48,100,50,65,1166
1993,NYM,41,29.4,4.15,162,6057,5448,672,1350,228,37,158,632,79,50,448,879,.248,.305,.390,.696,87,2126,108,24,89,47,43,1011
1993,NYY,41,29.7,5.07,162,6359,5615,821,1568,294,24,178,793,39,35,629,910,.279,.353,.435,.789,114,2444,149,43,22,50,47,1247
1993,OAK,43,28.2,4.41,162,6295,5543,715,1408,260,21,158,679,131,59,622,1048,.254,.330,.394,.724,100,2184,125,33,46,49,45,1188
1993,PHI,40,29.3,5.41,162,6527,5685,877,1555,297,51,156,811,91,32,665,1049,.274,.351,.426,.777,109,2422,107,42,84,51,70,1281
1993,PIT,47,28.1,4.36,162,6269,5549,707,1482,267,50,110,664,92,55,536,972,.267,.335,.393,.727,96,2179,129,55,76,52,50,1199
1993,SDP,46,26.9,4.19,162,6137,5503,679,1386,239,28,153,633,92,41,443,1046,.252,.312,.389,.701,86,2140,111,59,80,50,43,1090
1993,SEA,48,28.0,4.53,162,6288,5494,734,1429,272,24,161,681,91,68,624,901,.260,.339,.406,.745,99,2232,132,56,63,51,73,1200
1993,SFG,42,28.0,4.99,162,6271,5557,808,1534,269,33,168,759,120,65,516,930,.276,.340,.427,.767,108,2373,121,46,102,50,88,1155
1993,STL,39,28.0,4.68,162,6279,5551,758,1508,262,34,118,724,153,72,588,882,.272,.341,.395,.736,100,2192,128,27,59,54,50,1177
1993,TEX,44,27.8,5.15,162,6166,5510,835,1472,284,39,181,780,113,67,483,984,.267,.329,.431,.760,107,2377,111,48,69,56,56,1034
1993,TOR,38,29.2,5.23,162,6319,5579,847,1556,317,42,159,796,170,49,588,861,.279,.350,.436,.786,110,2434,138,52,46,54,57,1187
1994,ATL,31,28.2,4.75,114,4349,3861,542,1031,198,18,137,510,48,31,377,668,.267,.333,.434,.767,97,1676,104,22,60,29,39,761
1994,BAL,32,30.2,5.26,112,4386,3856,589,1047,185,20,139,557,69,13,438,655,.272,.349,.438,.787,98,1689,89,39,16,35,23,833
1994,BOS,45,29.9,4.80,115,4446,3940,552,1038,222,19,120,523,81,38,404,723,.263,.334,.421,.755,91,1658,87,31,38,33,40,819
1994,CAL,37,27.8,4.72,115,4443,3943,543,1042,178,16,120,518,65,54,402,715,.264,.334,.409,.743,91,1612,84,27,42,29,24,802
1994,CHC,35,28.2,4.42,113,4386,3918,500,1015,189,26,109,464,69,53,364,750,.259,.325,.404,.729,90,1583,84,27,54,23,26,802
1994,CHW,34,29.9,5.60,113,4556,3942,633,1133,175,39,121,602,77,27,497,568,.287,.366,.444,.810,110,1749,91,20,51,46,47,906
1994,CIN,35,28.5,5.30,115,4512,3999,609,1142,211,36,124,569,119,51,388,738,.286,.350,.449,.799,108,1797,83,29,53,42,51,816
1994,CLE,40,28.4,6.01,113,4493,4022,679,1165,240,20,167,647,131,48,382,629,.290,.351,.484,.835,115,1946,80,18,33,38,40,762
1994,COL,36,29.7,4.90,117,4493,4006,573,1098,206,39,125,540,91,53,378,761,.274,.337,.439,.776,88,1757,96,23,50,36,33,805
1994,DET,36,30.7,5.67,115,4574,3955,652,1048,216,25,161,622,46,33,520,897,.265,.352,.454,.806,107,1797,86,34,17,48,28,852
1994,FLA,42,27.6,4.07,115,4387,3926,468,1043,180,24,94,451,65,26,349,746,.266,.330,.396,.725,87,1553,81,40,42,30,25,856
1994,HOU,33,27.8,5.23,115,4500,3955,602,1099,252,25,120,573,124,44,394,718,.278,.347,.445,.792,110,1761,73,43,73,35,58,834
1994,KCR,31,30.0,4.99,115,4391,3911,574,1051,211,38,100,538,140,62,376,698,.269,.335,.419,.754,91,1638,72,33,32,38,23,747
1994,LAD,35,28.6,4.67,114,4371,3904,532,1055,160,29,115,505,74,37,366,687,.270,.333,.414,.748,99,1618,89,19,51,31,33,789
1994,MIL,36,28.0,4.76,115,4494,3978,547,1045,238,21,99,510,59,37,417,680,.263,.335,.408,.742,88,1622,85,33,28,38,30,824
1994,MIN,33,28.9,5.26,113,4409,3952,594,1092,239,23,103,556,94,30,359,635,.276,.340,.427,.767,97,1686,93,41,22,34,26,796
1994,MON,32,26.2,5.13,114,4514,4000,585,1111,246,30,108,542,137,36,379,669,.278,.343,.435,.778,101,1741,77,40,53,42,39,859
1994,NYM,37,27.9,4.48,113,4348,3869,506,966,164,21,117,477,25,26,336,807,.250,.316,.394,.709,85,1523,70,52,59,31,40,761
1994,NYY,36,30.4,5.93,113,4611,3986,670,1155,238,16,139,632,55,40,530,660,.290,.374,.462,.836,119,1842,112,31,27,37,34,918
1994,OAK,43,29.2,4.82,114,4396,3885,549,1009,178,13,113,515,91,39,417,686,.260,.330,.399,.730,95,1552,79,18,24,51,21,808
1994,PHI,40,29.8,4.53,115,4436,3927,521,1028,208,28,80,484,67,24,396,711,.262,.332,.390,.722,86,1532,95,31,51,31,44,841
1994,PIT,39,29.1,4.09,114,4301,3864,466,1001,198,23,80,435,53,25,349,725,.259,.322,.384,.706,83,1485,90,22,36,28,29,819
1994,SDP,40,27.2,4.09,117,4519,4068,479,1117,200,19,92,445,79,37,319,762,.275,.330,.401,.731,92,1631,112,31,67,33,47,867
1994,SEA,44,27.4,5.08,112,4361,3883,569,1045,211,18,153,549,48,21,372,652,.269,.335,.451,.786,100,1751,87,26,48,32,42,784
1994,SFG,36,28.4,4.38,115,4364,3869,504,963,159,32,123,472,114,40,364,719,.249,.318,.402,.720,92,1555,72,39,65,27,47,783
1994,STL,37,28.9,4.65,115,4450,3902,535,1026,213,27,108,506,76,46,434,686,.263,.339,.414,.753,97,1617,80,33,44,37,48,845
1994,TEX,41,27.5,5.38,114,4531,3983,613,1114,198,27,124,582,82,35,437,730,.280,.353,.436,.790,104,1738,95,36,41,34,37,863
1994,TOR,34,29.3,4.92,115,4462,3962,566,1064,210,30,115,534,79,26,387,691,.269,.336,.424,.760,95,1679,96,38,30,44,34,820
1995,ATL,40,27.9,4.48,144,5464,4814,645,1202,210,27,168,618,73,43,520,933,.250,.326,.409,.735,91,1970,106,40,56,34,37,988
1995,BAL,46,30.0,4.89,144,5531,4837,704,1267,229,27,173,668,92,45,574,803,.262,.342,.428,.770,98,2069,119,39,40,41,36,1022
1995,BOS,53,28.6,5.49,144,5716,4997,791,1399,286,31,175,754,99,44,560,923,.280,.357,.455,.812,108,2272,129,65,45,49,38,1084
1995,CAL,45,28.9,5.52,145,5690,5019,801,1390,252,25,186,761,58,39,564,889,.277,.352,.448,.800,108,2250,115,36,33,38,40,1056
1995,CHC,43,28.2,4.81,144,5543,4963,693,1315,267,39,158,648,105,37,440,953,.265,.327,.430,.757,101,2134,110,34,71,35,46,956
1995,CHW,46,29.5,5.21,145,5770,5060,755,1417,252,37,146,712,110,39,576,767,.280,.354,.431,.785,107,2181,106,32,46,56,54,1155
1995,CIN,47,28.4,5.19,144,5575,4903,747,1326,277,35,161,694,190,68,519,946,.270,.342,.440,.782,106,2156,92,40,62,50,42,1001
1995,CLE,41,29.1,5.83,144,5686,5028,840,1461,279,23,207,803,132,53,542,766,.291,.361,.479,.839,116,2407,128,35,31,48,40,1018
1995,COL,41,29.5,5.45,144,5647,4994,785,1406,259,43,200,749,125,59,484,943,.282,.350,.471,.820,94,2351,118,56,82,31,47,1017
1995,DET,45,28.7,4.54,144,5535,4865,654,1204,228,29,159,619,73,36,551,987,.247,.327,.404,.731,90,1967,121,41,35,43,30,1017
1995,FLA,46,28.1,4.71,143,5569,4886,673,1278,214,29,144,636,131,53,517,916,.262,.335,.406,.741,95,1982,105,49,69,48,36,1028
1995,HOU,44,28.1,5.19,144,5857,5097,747,1403,260,22,109,694,176,60,566,992,.275,.353,.399,.752,105,2034,114,69,78,47,58,1153
1995,KCR,51,29.0,4.37,144,5528,4903,629,1275,240,35,119,578,120,53,475,849,.260,.328,.396,.724,87,1942,105,43,66,39,33,1018
1995,LAD,49,27.3,4.40,144,5544,4942,634,1303,191,31,140,593,127,45,468,1023,.264,.329,.400,.729,99,1976,99,30,68,35,46,1049
1995,MIL,41,27.9,5.14,144,5631,5000,740,1329,249,42,128,700,105,40,502,800,.266,.336,.409,.745,89,2046,105,46,41,42,20,1012
1995,MIN,46,27.3,4.88,144,5588,5005,703,1398,270,34,120,662,105,57,471,916,.279,.346,.419,.765,98,2096,152,58,18,36,32,1025
1995,MON,45,26.2,4.31,144,5452,4905,621,1268,265,24,118,572,120,49,400,901,.259,.320,.394,.714,85,1935,107,56,58,32,43,970
1995,NYM,45,27.4,4.56,144,5581,4958,657,1323,218,34,125,617,58,39,446,994,.267,.330,.400,.730,95,1984,105,42,92,43,44,1041
1995,NYY,42,30.9,5.17,145,5699,4947,749,1365,280,34,122,709,50,30,625,851,.276,.357,.420,.778,103,2079,139,39,20,68,36,1126
1995,OAK,44,29.6,5.07,144,5617,4916,730,1296,228,18,169,694,112,46,565,911,.264,.341,.420,.762,106,2067,108,45,32,58,25,1049
1995,PHI,50,29.7,4.27,144,5613,4950,615,1296,263,30,94,576,72,25,497,884,.262,.332,.384,.716,90,1901,107,46,77,41,38,1114
1995,PIT,40,28.3,4.37,144,5501,4937,629,1281,245,27,125,587,84,55,456,972,.259,.323,.396,.719,88,1955,88,24,51,33,45,1010
1995,SDP,40,28.7,4.64,144,5527,4950,668,1345,231,20,116,618,124,46,447,872,.272,.334,.397,.731,95,1964,125,35,56,38,45,998
1995,SEA,46,28.7,5.49,145,5671,4996,796,1377,276,20,182,767,110,41,549,871,.276,.350,.448,.798,106,2239,109,39,52,34,53,1033
1995,SFG,46,28.7,4.53,144,5603,4971,652,1256,229,33,152,610,138,46,472,1060,.253,.323,.404,.727,95,2007,92,57,79,24,55,1046
1995,STL,46,28.6,3.94,143,5349,4779,563,1182,238,24,107,533,79,46,436,920,.247,.314,.374,.688,83,1789,110,46,48,40,31,957
1995,TEX,46,29.1,4.80,144,5566,4913,691,1304,247,24,138,651,90,47,526,877,.265,.338,.410,.747,92,2013,112,33,49,45,28,1031
1995,TOR,39,28.9,4.46,144,5650,5036,642,1309,275,27,140,613,75,16,492,906,.260,.328,.409,.737,92,2058,119,44,33,45,27,1079
1996,ATL,42,27.9,4.77,162,6293,5614,773,1514,264,28,197,735,83,43,530,1032,.270,.333,.432,.765,96,2425,144,27,69,50,41,1154
1996,BAL,45,31.1,5.82,163,6494,5689,949,1557,299,29,257,914,76,40,645,915,.274,.350,.472,.822,106,2685,134,61,31,67,49,1154
1996,BOS,55,28.4,5.73,162,6545,5756,928,1631,308,31,209,882,91,44,642,1020,.283,.359,.457,.816,104,2628,148,67,33,47,50,1251
1996,CAL,52,29.2,4.73,161,6320,5686,762,1571,256,24,192,727,53,39,527,974,.276,.339,.431,.770,95,2451,148,29,45,33,40,1209
1996,CHC,41,29.0,4.77,162,6229,5531,772,1388,267,19,175,725,108,50,523,1090,.251,.320,.401,.721,88,2218,126,61,66,48,48,1078
1996,CHW,44,30.4,5.54,162,6497,5644,898,1586,284,33,195,860,105,41,701,927,.281,.360,.447,.807,108,2521,139,34,56,62,68,1231
1996,CIN,48,29.3,4.80,162,6213,5455,778,1398,259,36,191,733,171,63,604,1134,.256,.331,.422,.753,98,2302,115,34,71,49,47,1116
1996,CLE,44,29.7,5.91,161,6486,5681,952,1665,335,23,218,904,160,50,671,844,.293,.369,.475,.844,113,2700,164,43,34,57,44,1224
1996,COL,44,30.1,5.93,162,6333,5590,961,1607,297,37,221,909,201,66,527,1108,.287,.355,.472,.827,99,2641,118,82,81,52,40,1108
1996,DET,53,27.0,4.83,162,6203,5530,783,1413,257,21,204,741,87,50,546,1268,.256,.323,.420,.743,87,2324,132,29,48,49,26,1040
1996,FLA,46,27.9,4.25,162,6194,5498,688,1413,240,30,150,650,99,46,553,1122,.257,.329,.393,.722,93,2163,138,55,41,45,51,1171
1996,HOU,43,28.2,4.65,162,6270,5508,753,1445,297,29,129,703,180,63,554,1057,.262,.336,.397,.733,100,2187,115,84,68,55,64,1172
1996,KCR,40,27.2,4.63,161,6229,5542,746,1477,286,38,123,689,195,85,529,943,.267,.332,.398,.731,85,2208,102,43,66,49,36,1117
1996,LAD,40,27.9,4.34,162,6185,5538,703,1396,215,33,150,661,124,40,516,1190,.252,.316,.384,.701,90,2127,112,22,74,35,59,1113
1996,MIL,48,27.8,5.52,162,6434,5662,894,1578,304,40,178,845,101,48,624,986,.279,.353,.441,.794,97,2496,115,53,45,50,35,1198
1996,MIN,38,28.4,5.41,162,6403,5673,877,1633,332,47,118,812,143,53,576,958,.288,.357,.425,.782,97,2413,172,65,20,63,42,1194
1996,MON,39,27.3,4.57,162,6171,5505,741,1441,297,27,148,696,108,34,492,1077,.262,.327,.406,.733,91,2236,119,58,79,36,49,1119
1996,NYM,40,27.2,4.60,162,6220,5618,746,1515,267,47,147,697,97,48,445,1069,.270,.324,.412,.737,98,2317,114,33,75,49,54,1124
1996,NYY,48,30.0,5.38,162,6414,5628,871,1621,293,28,162,830,96,46,632,909,.288,.360,.436,.796,100,2456,153,41,41,72,56,1258
1996,OAK,43,28.2,5.31,162,6402,5630,861,1492,283,21,243,823,58,35,640,1114,.265,.344,.452,.796,99,2546,134,58,35,39,36,1175
1996,PHI,54,28.3,4.01,162,6171,5499,650,1405,249,39,132,604,117,41,536,1092,.256,.325,.387,.712,88,2128,116,45,54,37,52,1207
1996,PIT,46,28.8,4.79,162,6336,5665,776,1509,319,33,138,738,126,49,510,989,.266,.329,.407,.736,91,2308,107,40,72,49,46,1181
1996,SDP,43,30.8,4.76,162,6419,5655,771,1499,285,24,147,718,109,55,601,1014,.265,.338,.402,.740,100,2273,146,50,59,52,62,1209
1996,SEA,49,28.6,6.17,161,6518,5668,993,1625,343,19,245,954,90,39,670,1052,.287,.366,.484,.850,114,2741,121,75,46,58,57,1238
1996,SFG,49,28.9,4.64,162,6316,5533,752,1400,245,21,153,707,113,53,615,1189,.253,.331,.388,.719,93,2146,108,48,77,43,62,1198
1996,STL,38,30.7,4.69,162,6177,5502,759,1468,281,31,142,711,149,58,495,1089,.267,.330,.407,.736,94,2237,121,44,88,48,59,1087
1996,TEX,39,29.5,5.69,163,6494,5702,928,1622,323,32,221,890,83,26,660,1041,.284,.358,.469,.827,103,2672,128,31,32,69,51,1253
1996,TOR,40,28.6,4.73,162,6295,5599,766,1451,302,35,177,712,116,38,529,1105,.259,.331,.420,.752,90,2354,120,92,38,37,19,1169
1997,ANA,43,29.6,5.12,162,6387,5628,829,1531,279,25,161,775,126,72,617,953,.272,.346,.416,.762,97,2343,129,45,40,57,37,1203
1997,ATL,38,27.9,4.88,162,6315,5528,791,1490,268,37,174,755,108,58,597,1160,.270,.343,.426,.769,99,2354,143,52,83,52,45,1177
1997,BAL,39,31.6,5.01,162,6340,5584,812,1498,264,22,196,780,63,26,586,952,.268,.341,.429,.770,103,2394,121,65,46,59,44,1198
1997,BOS,46,27.9,5.25,162,6430,5781,851,1684,373,32,185,810,68,48,514,1044,.291,.352,.463,.815,110,2676,155,59,21,55,54,1221
1997,CHC,42,29.4,4.24,162,6098,5489,687,1444,269,39,127,642,116,60,451,1003,.263,.321,.396,.717,85,2172,119,34,83,38,40,1093
1997,CHW,45,29.3,4.84,161,6201,5491,779,1498,260,28,158,740,106,52,569,901,.273,.341,.417,.758,101,2288,133,33,47,60,40,1148
1997,CIN,50,28.2,4.02,162,6153,5484,651,1386,269,27,142,612,190,67,518,1113,.253,.321,.389,.710,84,2135,104,45,75,30,35,1144
1997,CLE,46,30.2,5.39,161,6304,5556,868,1589,301,22,220,810,118,59,617,955,.286,.358,.467,.825,111,2594,152,37,45,49,39,1181
1997,COL,43,30.4,5.70,162,6338,5603,923,1611,269,40,239,869,137,65,562,1060,.288,.357,.478,.835,100,2677,138,63,73,35,35,1124
1997,DET,43,26.5,4.84,162,6190,5481,784,1415,268,32,176,743,161,72,578,1164,.258,.332,.415,.747,95,2275,120,49,34,47,37,1071
1997,FLA,43,28.5,4.57,162,6300,5439,740,1410,272,28,136,703,115,58,686,1074,.259,.346,.395,.741,98,2146,132,61,71,42,55,1248
1997,HOU,41,28.8,4.80,162,6363,5502,777,1427,314,40,133,720,171,74,633,1085,.259,.344,.403,.747,99,2220,104,100,74,53,63,1221
1997,KCR,51,28.7,4.64,161,6295,5599,747,1478,256,35,158,711,130,66,561,1061,.264,.333,.407,.740,92,2278,108,42,51,42,34,1176
1997,LAD,44,29.3,4.58,162,6216,5544,742,1488,242,33,174,706,131,64,498,1079,.268,.330,.418,.748,101,2318,109,33,105,36,46,1120
1997,MIL,44,28.1,4.23,161,6097,5444,681,1415,294,27,135,643,103,55,494,967,.260,.325,.398,.723,88,2168,123,58,48,52,31,1118
1997,MIN,39,29.2,4.77,162,6267,5634,772,1522,305,40,132,730,151,52,495,1121,.270,.333,.409,.741,93,2303,117,60,20,56,32,1156
1997,MON,41,27.7,4.27,162,6131,5526,691,1423,339,34,172,659,75,46,420,1084,.258,.316,.425,.741,93,2346,95,73,72,40,40,1091
1997,NYM,45,27.3,4.80,162,6248,5524,777,1448,274,28,153,741,97,74,550,1029,.262,.332,.405,.737,95,2237,122,57,58,59,45,1111
1997,NYY,41,30.5,5.50,162,6527,5710,891,1636,325,23,161,846,99,58,676,954,.287,.362,.436,.798,108,2490,138,37,34,70,51,1276
1997,OAK,49,28.1,4.72,162,6369,5589,764,1451,274,23,197,714,71,36,642,1181,.260,.339,.423,.762,101,2362,133,49,49,40,23,1221
1997,PHI,46,27.8,4.12,162,6130,5443,668,1390,290,35,116,622,92,56,519,1032,.255,.322,.385,.707,85,2098,105,40,74,50,32,1152
1997,PIT,43,26.6,4.48,162,6201,5503,725,1440,291,52,129,686,160,50,481,1161,.262,.329,.404,.733,89,2222,105,92,77,47,27,1168
1997,SDP,45,30.8,4.91,162,6373,5609,795,1519,275,16,152,761,140,60,604,1129,.271,.342,.407,.749,102,2282,130,35,63,58,40,1207
1997,SEA,47,29.3,5.71,162,6385,5614,925,1574,312,21,264,890,89,40,626,1110,.280,.355,.485,.839,119,2720,146,49,46,49,53,1149
1997,SFG,42,29.5,4.84,162,6296,5485,784,1415,266,37,172,746,121,49,642,1120,.258,.337,.414,.751,98,2271,111,46,64,59,72,1199
1997,STL,51,30.0,4.25,162,6212,5524,689,1409,269,39,144,654,164,60,543,1191,.255,.324,.396,.720,89,2188,128,42,58,44,54,1140
1997,TEX,44,28.4,4.98,162,6266,5651,807,1547,311,27,187,773,72,37,500,1116,.274,.334,.438,.771,96,2473,118,34,28,52,39,1149
1997,TOR,44,29.5,4.04,162,6109,5473,654,1333,275,41,147,627,134,50,487,1138,.244,.310,.389,.699,82,2131,102,59,38,52,26,1113
1998,ANA,45,28.7,4.86,162,6280,5630,787,1530,314,27,147,739,93,45,510,1028,.272,.335,.415,.751,93,2339,122,48,49,41,31,1180
1998,ARI,46,27.8,4.10,162,6116,5491,665,1353,235,46,159,621,73,38,489,1239,.246,.314,.393,.707,85,2157,125,64,45,27,32,1104
1998,ATL,42,28.9,5.10,162,6217,5484,826,1489,297,26,215,794,98,43,548,1062,.272,.342,.453,.795,107,2483,104,61,76,46,37,1148
1998,BAL,48,33.1,5.04,162,6304,5565,817,1520,303,11,214,783,86,48,593,903,.273,.347,.447,.794,107,2487,136,58,44,44,30,1187
1998,BOS,47,28.8,5.41,162,6302,5601,876,1568,338,35,205,827,72,39,541,1049,.280,.348,.463,.810,107,2591,144,70,35,52,32,1150
1998,CHC,47,30.1,5.10,163,6394,5649,831,1494,250,34,212,788,65,44,601,1223,.264,.337,.433,.771,99,2448,123,39,67,37,51,1162
1998,CHW,39,27.2,5.28,163,6281,5585,861,1516,291,38,198,806,127,46,551,916,.271,.339,.444,.782,105,2477,119,47,38,59,34,1104
1998,CIN,47,27.5,4.63,162,6269,5496,750,1441,298,28,138,723,95,42,608,1107,.262,.337,.402,.739,92,2209,133,37,78,49,39,1183
1998,CLE,48,29.5,5.25,162,6376,5616,850,1530,334,30,198,811,143,60,630,1061,.272,.347,.448,.795,103,2518,123,41,30,59,35,1169
1998,COL,42,29.5,5.10,162,6277,5632,826,1640,333,36,183,791,67,47,469,949,.291,.347,.461,.808,95,2594,148,37,98,41,29,1138
1998,DET,45,27.3,4.46,162,6243,5664,722,1494,306,29,165,691,122,62,455,1070,.264,.323,.415,.738,91,2353,111,62,16,45,25,1131
1998,FLA,49,25.4,4.12,162,6228,5558,667,1381,277,36,114,621,115,57,525,1120,.248,.317,.373,.690,86,2072,121,45,70,29,30,1132
1998,HOU,38,29.7,5.40,162,6441,5641,874,1578,326,28,166,818,155,51,621,1122,.280,.356,.436,.792,109,2458,146,72,58,49,52,1217
1998,KCR,51,28.8,4.43,161,6191,5546,714,1459,274,40,134,686,135,50,475,984,.263,.324,.399,.724,87,2215,118,60,45,65,24,1140
1998,LAD,53,28.2,4.13,162,6077,5459,669,1374,209,27,159,630,137,53,447,1056,.252,.310,.387,.698,87,2114,98,36,91,43,31,1069
1998,MIL,43,28.3,4.36,162,6232,5541,707,1439,266,17,152,673,81,59,532,1039,.260,.330,.396,.726,91,2195,135,66,61,32,36,1148
1998,MIN,38,29.8,4.53,162,6263,5641,734,1499,285,32,115,691,112,54,506,915,.266,.328,.389,.717,86,2193,155,45,18,52,33,1151
1998,MON,41,25.9,3.98,162,6042,5418,644,1348,280,32,147,602,91,46,439,1058,.249,.310,.394,.704,86,2133,109,60,87,37,31,1068
1998,NYM,49,28.9,4.36,162,6257,5510,706,1425,289,24,136,671,62,46,572,1049,.259,.330,.394,.724,91,2170,126,37,88,48,55,1193
1998,NYY,38,30.4,5.96,162,6444,5643,965,1625,290,31,207,907,153,63,653,1025,.288,.364,.460,.825,116,2598,145,57,32,59,34,1203
1998,OAK,45,29.0,4.96,162,6283,5490,804,1413,295,13,149,755,131,47,633,1122,.257,.338,.397,.735,94,2181,120,55,58,46,22,1159
1998,PHI,40,27.1,4.40,162,6300,5617,713,1482,286,36,126,672,97,45,508,1080,.264,.326,.395,.721,88,2218,110,45,65,65,44,1179
1998,PIT,38,26.7,3.99,163,6113,5493,650,1395,271,35,107,613,159,51,393,1060,.254,.311,.374,.686,79,2057,102,91,78,56,22,1089
1998,SDP,42,31.2,4.62,162,6245,5490,749,1390,292,30,167,715,79,37,604,1072,.253,.330,.409,.739,100,2243,112,48,56,45,40,1179
1998,SEA,47,29.8,5.34,161,6327,5628,859,1553,321,28,234,822,115,39,558,1081,.276,.345,.468,.812,110,2632,107,57,36,48,26,1189
1998,SFG,41,30.6,5.18,163,6484,5628,845,1540,292,26,161,800,102,51,678,1040,.274,.353,.421,.774,108,2367,123,44,81,53,53,1235
1998,STL,45,30.5,4.97,163,6413,5593,810,1444,292,30,223,781,133,41,676,1179,.258,.341,.441,.781,104,2465,117,42,68,34,65,1200
1998,TBD,42,28.9,3.83,162,6157,5555,620,1450,267,43,111,579,120,73,473,1107,.261,.321,.385,.706,83,2136,127,37,53,38,24,1155
1998,TEX,42,29.9,5.80,162,6401,5672,940,1637,314,32,201,894,82,47,595,1045,.289,.357,.462,.819,108,2618,137,39,41,54,27,1184
1998,TOR,41,29.0,5.01,163,6323,5580,816,1482,316,19,221,776,184,81,564,1132,.266,.340,.448,.787,104,2499,108,87,43,49,43,1133
1999,ANA,45,28.8,4.39,162,6132,5494,711,1404,248,22,158,673,71,45,511,1022,.256,.322,.395,.716,83,2170,135,43,41,42,24,1097
1999,ARI,43,30.0,5.60,162,6415,5658,908,1566,289,46,216,865,137,39,588,1045,.277,.347,.459,.805,101,2595,94,48,61,60,52,1169
1999,ATL,44,29.6,5.19,162,6351,5569,840,1481,309,23,197,791,148,66,608,962,.266,.341,.436,.777,96,2427,120,53,74,47,62,1155
1999,BAL,43,32.4,5.25,162,6409,5637,851,1572,299,21,203,804,107,46,615,890,.279,.353,.447,.800,108,2522,146,61,41,55,34,1241
1999,BOS,48,28.9,5.16,162,6321,5579,836,1551,334,42,176,808,67,39,597,928,.278,.350,.448,.798,99,2497,131,55,34,56,27,1213
1999,CHC,47,31.2,4.61,162,6201,5482,747,1411,255,35,189,717,60,44,571,1170,.257,.329,.420,.749,91,2303,120,39,65,44,38,1130
1999,CHW,40,25.8,4.80,162,6264,5644,777,1563,298,37,162,742,110,50,499,810,.277,.337,.429,.766,94,2421,138,34,40,45,22,1157
1999,CIN,35,28.3,5.31,163,6378,5649,865,1536,312,37,209,820,164,54,569,1125,.272,.341,.451,.792,96,2549,107,45,70,44,37,1168
1999,CLE,51,29.1,6.23,162,6554,5634,1009,1629,309,32,209,960,147,50,743,1099,.289,.373,.467,.840,111,2629,136,55,54,67,41,1234
1999,COL,44,29.7,5.59,162,6369,5717,906,1644,305,39,223,863,70,43,508,863,.288,.348,.472,.819,87,2696,125,43,54,46,31,1144
1999,DET,41,27.5,4.64,161,6096,5481,747,1433,289,34,212,704,108,70,458,1049,.261,.326,.443,.768,95,2426,108,82,35,39,19,1061
1999,FLA,44,25.2,4.27,162,6216,5578,691,1465,266,44,128,655,92,46,479,1145,.263,.325,.395,.719,87,2203,119,59,44,56,30,1159
1999,HOU,38,29.8,5.08,162,6403,5485,823,1463,293,23,168,784,166,75,728,1138,.267,.355,.420,.775,97,2306,127,52,79,58,57,1252
1999,KCR,50,27.0,5.32,161,6325,5624,856,1584,294,52,151,800,127,39,535,932,.282,.348,.433,.781,98,2435,156,64,46,56,25,1165
1999,LAD,43,29.2,4.90,162,6338,5567,793,1480,253,23,187,761,167,68,594,1030,.266,.339,.420,.760,96,2340,109,52,74,51,34,1173
1999,MIL,44,28.1,5.06,161,6433,5582,815,1524,299,30,165,777,81,33,658,1065,.273,.353,.426,.779,98,2378,110,55,87,51,44,1276
1999,MIN,37,26.8,4.26,161,6124,5495,686,1450,285,30,105,643,118,60,500,978,.264,.328,.384,.712,79,2110,151,49,24,56,28,1118
1999,MON,44,25.9,4.43,162,6151,5559,718,1473,320,47,163,680,70,51,438,939,.265,.323,.427,.751,91,2376,138,53,71,28,39,1094
1999,NYM,45,30.1,5.23,163,6454,5572,853,1553,297,14,181,814,150,61,717,994,.279,.363,.434,.797,104,2421,149,48,63,54,53,1267
1999,NYY,39,30.9,5.56,162,6416,5568,900,1568,302,36,193,855,104,57,718,978,.282,.366,.453,.819,110,2521,137,55,22,53,47,1244
1999,OAK,42,28.9,5.51,162,6442,5519,893,1430,287,20,235,845,70,37,770,1129,.259,.355,.446,.801,109,2462,129,71,39,41,32,1246
1999,PHI,41,28.2,5.19,162,6386,5598,841,1539,302,44,161,797,125,35,631,1081,.275,.351,.431,.782,94,2412,127,46,70,41,37,1221
1999,PIT,45,28.3,4.81,161,6234,5468,775,1417,282,40,171,735,112,44,573,1197,.259,.334,.419,.753,89,2292,111,60,87,45,40,1157
1999,SDP,41,29.7,4.38,162,6136,5394,710,1360,256,22,153,671,174,67,631,1169,.252,.332,.393,.725,90,2119,132,35,36,40,31,1139
1999,SEA,51,29.1,5.30,162,6310,5572,859,1499,263,21,244,825,130,45,610,1095,.269,.343,.455,.798,100,2536,114,42,38,48,38,1147
1999,SFG,35,30.2,5.38,162,6449,5563,872,1507,307,18,188,828,109,56,696,1028,.271,.356,.434,.790,104,2414,129,60,87,42,40,1230
1999,STL,42,28.6,5.02,161,6354,5570,809,1461,274,27,194,763,134,48,613,1202,.262,.338,.426,.764,92,2371,110,51,75,44,51,1188
1999,TBD,46,30.0,4.77,162,6272,5586,772,1531,272,29,145,728,73,49,544,1042,.274,.343,.411,.754,92,2296,157,64,30,48,24,1169
1999,TEX,38,30.6,5.83,162,6389,5651,945,1653,304,29,230,897,111,54,611,937,.293,.361,.479,.840,109,2705,147,29,35,62,41,1176
1999,TOR,53,28.3,5.45,162,6370,5642,883,1580,337,14,212,856,119,48,578,1077,.280,.352,.457,.810,105,2581,129,76,28,45,29,1177
2000,ANA,45,27.7,5.33,162,6373,5628,864,1574,309,34,236,837,93,52,608,1024,.280,.352,.472,.825,105,2659,126,47,47,43,43,1173
2000,ARI,41,30.8,4.89,162,6241,5527,792,1466,282,44,179,756,97,44,535,975,.265,.333,.429,.763,88,2373,114,59,61,58,37,1128
2000,ATL,47,30.8,5.00,162,6275,5489,810,1490,274,26,179,758,148,56,595,1010,.271,.346,.429,.775,95,2353,127,59,87,45,38,1192
2000,BAL,50,32.0,4.90,162,6238,5549,794,1508,310,22,184,750,126,65,558,900,.272,.341,.435,.776,100,2414,148,49,27,54,34,1129
2000,BOS,52,29.4,4.89,162,6371,5630,792,1503,316,32,167,755,43,30,611,1019,.267,.341,.423,.764,90,2384,115,42,40,48,40,1226
2000,CHC,51,30.7,4.72,162,6397,5577,764,1426,272,23,183,722,93,37,632,1120,.256,.335,.411,.746,90,2293,114,54,89,45,50,1215
2000,CHW,42,27.5,6.04,162,6410,5646,978,1615,325,33,216,926,119,42,591,960,.286,.356,.470,.826,106,2654,140,53,55,61,28,1127
2000,CIN,45,29.2,5.06,163,6373,5635,825,1545,302,36,200,794,100,38,559,995,.274,.343,.447,.790,96,2519,137,64,56,58,60,1189
2000,CLE,55,30.1,5.86,162,6512,5683,950,1639,310,30,221,889,113,34,685,1057,.288,.367,.470,.837,110,2672,134,51,41,52,27,1260
2000,COL,49,29.2,5.98,162,6453,5660,968,1664,320,53,161,905,131,61,601,907,.294,.362,.455,.816,87,2573,126,42,75,75,64,1198
2000,DET,45,29.0,5.08,162,6343,5644,823,1553,307,41,177,785,83,38,562,982,.275,.343,.438,.781,102,2473,142,43,42,49,22,1185
2000,FLA,40,26.2,4.54,161,6203,5509,731,1441,274,29,160,691,168,55,540,1184,.262,.331,.409,.740,91,2253,100,60,42,51,39,1168
2000,HOU,46,29.1,5.79,162,6444,5570,938,1547,289,36,249,900,114,52,673,1129,.278,.361,.477,.837,104,2655,154,83,57,61,57,1171
2000,KCR,44,27.5,5.43,162,6394,5709,879,1644,281,27,150,831,121,35,511,840,.288,.348,.425,.773,93,2429,139,48,56,70,28,1184
2000,LAD,46,29.6,4.93,162,6312,5481,798,1408,265,28,211,756,95,42,668,1083,.257,.341,.431,.771,99,2362,129,51,66,46,42,1188
2000,MIL,46,28.9,4.54,163,6355,5563,740,1366,297,25,177,708,72,44,620,1245,.246,.325,.403,.729,85,2244,126,61,61,49,47,1183
2000,MIN,41,26.5,4.62,162,6283,5615,748,1516,325,49,116,711,90,45,556,1021,.270,.337,.407,.744,85,2287,143,35,24,51,31,1198
2000,MON,49,26.2,4.56,162,6153,5535,738,1475,310,35,178,705,58,48,476,1048,.266,.326,.432,.758,87,2389,111,29,78,34,53,1100
2000,NYM,47,30.4,4.98,162,6328,5486,807,1445,281,20,198,761,66,46,675,1037,.263,.346,.430,.776,98,2360,122,45,70,51,42,1214
2000,NYY,46,31.3,5.41,161,6311,5556,871,1541,294,25,205,833,99,48,631,1007,.277,.354,.450,.804,103,2500,134,57,16,50,42,1189
2000,OAK,44,27.5,5.88,161,6432,5560,947,1501,281,23,239,908,40,15,750,1159,.270,.360,.458,.817,109,2545,147,52,26,44,32,1210
2000,PHI,51,28.6,4.37,162,6273,5511,708,1386,304,40,144,668,102,30,611,1117,.251,.329,.400,.729,83,2202,115,44,70,37,40,1209
2000,PIT,46,28.3,4.90,162,6369,5643,793,1506,320,31,168,749,86,40,564,1032,.267,.339,.424,.762,92,2392,133,66,59,37,41,1202
2000,SDP,56,28.6,4.64,162,6291,5560,752,1413,279,37,157,714,131,53,602,1177,.254,.330,.402,.732,91,2237,123,46,39,43,50,1155
2000,SEA,37,31.2,5.60,162,6444,5497,907,1481,300,26,198,869,122,56,775,1073,.269,.361,.442,.803,108,2427,129,48,63,61,34,1247
2000,SFG,36,29.9,5.71,162,6418,5519,925,1535,304,44,226,889,79,39,709,1032,.278,.362,.472,.834,115,2605,131,51,73,66,60,1213
2000,STL,46,29.6,5.48,162,6369,5478,887,1481,259,25,235,841,87,51,675,1253,.270,.356,.455,.812,103,2495,116,84,79,53,33,1214
2000,TBD,51,30.1,4.55,161,6206,5505,733,1414,253,22,162,692,90,46,558,1022,.257,.329,.399,.728,85,2197,126,51,52,40,25,1140
2000,TEX,42,29.4,5.23,162,6364,5648,848,1601,330,35,173,806,69,47,580,922,.283,.352,.446,.798,100,2520,161,39,48,48,39,1198
2000,TOR,45,28.2,5.31,162,6326,5677,861,1562,328,21,244,826,89,34,526,1026,.275,.341,.469,.810,101,2664,130,60,29,34,32,1152
2001,ANA,38,28.1,4.27,162,6226,5551,691,1447,275,26,158,662,116,52,494,1001,.261,.327,.405,.732,91,2248,109,77,46,53,34,1203
2001,ARI,47,31.9,5.05,162,6349,5595,818,1494,284,35,208,776,71,38,587,1052,.267,.341,.442,.783,94,2472,105,57,71,36,73,1183
2001,ATL,47,30.4,4.50,162,6152,5498,729,1432,263,24,174,696,85,46,493,1039,.260,.324,.412,.736,87,2265,132,45,64,52,51,1095
2001,BAL,46,30.0,4.24,162,6151,5472,687,1359,262,24,136,663,133,53,514,989,.248,.319,.380,.699,88,2077,121,77,38,49,26,1106
2001,BOS,48,30.0,4.80,161,6264,5605,772,1493,316,29,198,739,46,35,520,1131,.266,.334,.439,.773,101,2461,132,70,28,41,50,1161
2001,CHC,43,30.7,4.80,162,6219,5406,777,1409,268,32,194,748,67,36,577,1077,.261,.336,.430,.766,101,2323,132,66,117,53,72,1156
2001,CHW,42,28.4,4.93,162,6151,5464,798,1463,300,29,214,770,123,59,520,998,.268,.334,.451,.785,102,2463,128,52,63,51,31,1054
2001,CIN,50,28.0,4.54,162,6222,5583,735,1464,304,22,176,690,103,54,468,1172,.262,.324,.419,.744,87,2340,130,65,66,40,47,1115
2001,CLE,44,31.0,5.54,162,6357,5600,897,1559,294,37,212,868,79,41,577,1076,.278,.350,.458,.807,111,2563,126,69,49,62,32,1136
2001,COL,53,28.2,5.70,162,6394,5690,923,1663,324,61,213,874,132,54,511,1027,.292,.354,.483,.837,97,2748,116,61,81,50,50,1158
2001,DET,44,28.2,4.47,162,6145,5537,724,1439,291,60,139,691,133,61,466,972,.260,.320,.409,.730,97,2267,120,51,41,49,26,1093
2001,FLA,42,27.3,4.58,162,6184,5542,742,1461,325,30,166,713,89,40,470,1145,.264,.326,.423,.749,95,2344,118,67,60,45,43,1117
2001,HOU,45,30.3,5.23,162,6325,5528,847,1500,313,29,208,805,64,49,581,1119,.271,.347,.451,.798,100,2495,128,89,71,56,52,1151
2001,KCR,44,28.3,4.50,162,6176,5643,729,1503,277,37,152,691,100,42,406,898,.266,.318,.409,.727,86,2310,134,44,36,47,31,1086
2001,LAD,41,30.2,4.68,162,6169,5493,758,1399,264,27,206,714,89,42,519,1062,.255,.323,.425,.748,99,2335,115,56,57,44,45,1075
2001,MIL,46,29.4,4.57,162,6148,5488,740,1378,273,30,209,712,66,36,488,1399,.251,.319,.426,.745,93,2338,102,72,65,35,44,1067
2001,MIN,42,26.3,4.76,162,6185,5560,771,1514,328,38,164,717,146,67,495,1083,.272,.337,.433,.770,101,2410,124,64,25,38,42,1101
2001,MON,47,27.6,4.14,162,6026,5379,670,1361,320,28,131,622,101,51,478,1071,.253,.319,.396,.715,83,2130,151,60,64,45,59,1024
2001,NYM,44,30.4,3.96,162,6156,5459,642,1361,273,18,147,608,66,48,545,1062,.249,.323,.387,.710,87,2111,124,65,52,35,59,1181
2001,NYY,47,31.1,4.99,161,6233,5577,804,1488,289,20,203,774,161,53,519,1035,.267,.334,.435,.769,100,2426,119,64,30,43,38,1123
2001,OAK,42,27.4,5.46,162,6385,5573,884,1469,334,22,199,835,68,29,640,1021,.264,.345,.439,.784,107,2444,131,88,25,59,57,1171
2001,PHI,46,26.9,4.60,162,6219,5497,746,1431,295,29,164,708,153,47,551,1125,.260,.329,.414,.743,93,2276,104,43,67,61,52,1157
2001,PIT,49,27.7,4.06,162,6027,5398,657,1333,256,25,161,618,93,73,467,1106,.247,.313,.393,.706,79,2122,114,67,60,35,51,1058
2001,SDP,48,28.9,4.87,162,6278,5482,789,1379,273,26,161,753,129,44,678,1273,.252,.336,.399,.735,97,2187,121,41,29,48,37,1160
2001,SEA,35,31.3,5.72,162,6474,5680,927,1637,310,38,169,881,174,42,614,989,.288,.360,.445,.805,117,2530,112,62,48,70,54,1257
2001,SFG,41,31.4,4.93,162,6408,5612,799,1493,304,40,235,775,57,42,625,1090,.266,.342,.460,.802,112,2582,108,50,67,54,79,1242
2001,STL,40,28.8,5.02,162,6177,5450,814,1469,274,32,199,768,91,35,529,1089,.270,.339,.441,.780,100,2404,125,65,83,50,51,1095
2001,TBD,46,27.9,4.15,162,6104,5524,672,1426,311,21,121,645,115,52,456,1116,.258,.320,.388,.707,88,2142,130,54,45,25,24,1104
2001,TEX,51,29.8,5.49,162,6388,5685,890,1566,326,23,246,844,97,32,548,1093,.275,.344,.471,.815,109,2676,131,75,25,55,27,1161
2001,TOR,41,28.2,4.73,162,6284,5663,767,1489,287,36,195,728,156,55,470,1094,.263,.325,.430,.755,96,2433,111,74,34,43,47,1124
2002,ANA,40,28.5,5.25,162,6327,5678,851,1603,333,32,152,811,117,51,462,805,.282,.341,.433,.773,105,2456,105,74,49,64,42,1165
2002,ARI,42,31.7,5.06,162,6318,5508,819,1471,283,41,165,783,92,46,643,1016,.267,.346,.423,.769,93,2331,130,50,62,53,58,1211
2002,ATL,38,30.6,4.40,161,6224,5495,708,1428,280,25,164,669,76,39,558,1028,.260,.331,.409,.741,93,2250,147,54,67,49,68,1185
2002,BAL,46,29.2,4.12,162,6096,5491,667,1353,311,27,165,636,110,48,452,993,.246,.309,.403,.712,92,2213,128,64,40,49,25,1037
2002,BOS,39,29.9,5.30,162,6332,5640,859,1560,348,33,177,810,80,28,545,944,.277,.345,.444,.789,106,2505,139,72,22,53,39,1175
2002,CHC,44,30.1,4.36,162,6242,5496,706,1351,259,29,200,676,63,21,585,1269,.246,.321,.413,.734,94,2268,117,44,78,39,52,1173
2002,CHW,35,28.7,5.28,162,6208,5502,856,1475,289,29,217,819,75,31,555,952,.268,.338,.449,.787,107,2473,111,49,48,53,17,1085
2002,CIN,43,27.8,4.38,162,6254,5470,709,1386,297,21,169,678,116,52,583,1188,.253,.330,.408,.738,91,2232,119,66,95,40,66,1169
2002,CLE,59,30.2,4.56,162,6099,5423,739,1349,255,26,192,706,52,37,542,1000,.249,.321,.412,.733,96,2232,149,56,39,39,35,1066
2002,COL,43,28.6,4.80,162,6165,5512,778,1508,283,41,152,726,103,53,497,1043,.274,.337,.423,.760,88,2329,133,56,49,50,40,1094
2002,DET,57,28.1,3.57,161,5920,5406,575,1340,265,37,124,546,65,44,363,1035,.248,.300,.379,.679,86,2051,125,64,30,57,22,1029
2002,FLA,41,28.4,4.31,162,6263,5496,699,1433,280,32,146,653,177,73,595,1130,.261,.337,.403,.740,97,2215,129,61,59,49,69,1190
2002,HOU,41,30.1,4.62,162,6252,5503,749,1441,291,32,167,719,71,27,589,1120,.262,.338,.417,.755,93,2297,144,59,64,37,57,1177
2002,KCR,52,29.2,4.55,162,6206,5535,737,1415,285,42,140,695,140,65,524,921,.256,.323,.398,.721,84,2204,106,52,44,51,27,1092
2002,LAD,41,30.0,4.40,162,6146,5554,713,1464,286,29,155,693,96,37,428,940,.264,.320,.409,.729,98,2273,140,53,67,44,50,1087
2002,MIL,49,29.9,3.87,162,6083,5415,627,1369,269,29,139,597,94,50,500,1125,.253,.320,.390,.711,88,2113,144,55,79,34,37,1086
2002,MIN,42,26.8,4.77,161,6196,5582,768,1518,348,36,167,731,79,62,472,1089,.272,.332,.437,.769,103,2439,121,56,34,52,30,1124
2002,MON,43,28.2,4.54,162,6250,5479,735,1432,300,36,162,695,118,64,575,1104,.261,.334,.418,.752,95,2290,123,46,108,42,85,1158
2002,NYM,48,30.6,4.29,161,6150,5496,690,1409,238,22,160,650,87,42,486,1044,.256,.322,.395,.717,91,2171,142,63,75,30,46,1111
2002,NYY,38,30.0,5.57,161,6377,5601,897,1540,314,12,223,857,100,38,640,1171,.275,.354,.455,.809,114,2547,150,72,23,41,48,1191
2002,OAK,41,28.6,4.94,162,6291,5558,800,1450,279,28,205,772,46,20,609,1008,.261,.339,.432,.771,106,2400,128,68,20,36,37,1197
2002,PHI,39,27.5,4.41,161,6323,5523,710,1428,325,41,165,676,104,43,640,1095,.259,.339,.422,.761,105,2330,129,53,67,39,70,1260
2002,PIT,38,27.9,3.98,161,6049,5330,641,1300,263,20,142,610,86,49,537,1109,.244,.319,.381,.700,82,2029,97,73,68,41,44,1149
2002,SDP,59,29.1,4.09,162,6178,5515,662,1393,243,29,136,627,71,44,547,1062,.253,.321,.381,.702,93,2102,132,30,45,41,42,1158
2002,SEA,40,31.2,5.02,162,6362,5569,814,1531,285,31,152,771,137,58,629,1003,.275,.350,.419,.769,107,2334,123,51,41,72,62,1239
2002,SFG,38,32.0,4.83,162,6298,5497,783,1465,300,35,198,751,74,21,616,961,.267,.344,.442,.786,110,2429,136,65,68,52,103,1241
2002,STL,44,29.0,4.86,162,6246,5505,787,1475,285,26,175,758,86,42,542,927,.268,.338,.425,.763,102,2337,123,67,83,49,77,1160
2002,TBD,43,27.0,4.18,161,6198,5604,673,1418,297,35,133,640,102,45,456,1115,.253,.314,.390,.704,89,2184,116,58,44,36,29,1132
2002,TEX,51,29.0,5.20,162,6332,5618,843,1510,304,27,230,806,62,34,554,1055,.269,.338,.455,.794,104,2558,129,62,48,50,45,1155
2002,TOR,45,27.2,5.02,162,6230,5581,813,1457,305,38,187,771,71,18,522,1142,.261,.327,.430,.757,96,2399,130,53,17,57,30,1104
2003,ANA,43,29.1,4.54,162,6119,5487,736,1473,276,33,150,687,129,61,476,838,.268,.330,.413,.743,97,2265,125,56,50,50,42,1086
2003,ARI,43,30.5,4.43,162,6261,5570,717,1467,303,47,152,696,76,38,531,1006,.263,.330,.417,.746,87,2320,126,45,63,52,63,1185
2003,ATL,34,30.3,5.60,162,6378,5670,907,1608,321,31,235,872,68,22,545,933,.284,.349,.475,.824,112,2696,124,49,65,49,46,1170
2003,BAL,42,29.3,4.56,163,6241,5665,743,1516,277,24,152,695,89,36,431,902,.268,.323,.405,.729,92,2297,123,54,51,40,32,1121
2003,BOS,47,29.8,5.93,162,6530,5769,961,1667,371,40,238,932,88,35,620,943,.289,.360,.491,.851,118,2832,126,53,24,64,61,1224
2003,CHC,42,31.3,4.47,162,6187,5519,724,1431,302,24,172,691,73,31,492,1158,.259,.323,.416,.739,91,2297,135,50,80,46,40,1114
2003,CHW,40,29.3,4.88,162,6148,5487,791,1445,303,19,220,766,77,29,519,916,.263,.331,.446,.777,102,2446,132,58,43,41,27,1074
2003,CIN,57,27.3,4.28,162,6211,5509,694,1349,239,21,182,669,80,34,524,1326,.245,.318,.395,.713,89,2176,102,79,66,32,34,1134
2003,CLE,54,27.0,4.31,162,6188,5572,699,1413,296,26,158,660,86,61,466,1062,.254,.316,.401,.717,92,2235,128,62,46,41,25,1068
2003,COL,50,29.4,5.27,162,6283,5518,853,1472,330,31,198,814,63,37,619,1134,.267,.344,.445,.790,93,2458,140,52,55,38,46,1156
2003,DET,43,27.3,3.65,162,6071,5466,591,1312,201,39,153,553,98,63,443,1099,.240,.300,.375,.675,83,2050,114,47,65,49,24,1047
2003,FLA,40,27.7,4.64,162,6186,5490,751,1459,292,44,157,709,150,74,515,978,.266,.333,.421,.754,97,2310,114,57,82,41,44,1114
2003,HOU,44,31.1,4.97,162,6320,5583,805,1466,308,30,191,763,66,30,557,1021,.263,.336,.431,.767,96,2407,125,81,61,38,44,1185
2003,KCR,53,29.2,5.16,162,6239,5568,836,1526,288,39,162,781,120,42,476,926,.274,.336,.427,.763,95,2378,128,75,63,57,32,1096
2003,LAD,44,29.9,3.54,162,6036,5458,574,1328,260,25,124,544,80,36,407,985,.243,.303,.368,.671,79,2010,121,72,71,28,43,1108
2003,MIL,42,29.7,4.41,162,6270,5548,714,1423,266,24,196,685,99,39,547,1221,.256,.329,.419,.748,96,2325,158,71,62,40,41,1155
2003,MIN,42,27.3,4.94,162,6324,5655,801,1567,318,45,155,755,94,44,512,1027,.277,.341,.431,.772,102,2440,139,63,42,52,36,1166
2003,MON,43,27.7,4.39,162,6116,5437,711,1404,294,25,144,682,100,39,522,990,.258,.326,.401,.727,85,2180,143,45,72,40,58,1102
2003,NYM,50,29.3,3.99,161,6007,5341,642,1317,262,24,124,607,70,31,489,1035,.247,.314,.374,.688,81,1999,136,54,78,45,42,1086
2003,NYY,49,30.5,5.38,163,6431,5605,877,1518,304,14,230,845,98,33,684,1042,.271,.356,.453,.810,114,2540,154,81,25,35,54,1239
2003,OAK,41,28.3,4.74,162,6189,5497,768,1398,317,24,176,742,48,14,556,898,.254,.327,.417,.743,96,2291,118,59,22,53,52,1130
2003,PHI,38,28.3,4.88,162,6333,5543,791,1448,325,27,166,757,72,29,651,1155,.261,.343,.419,.762,104,2325,120,55,46,38,56,1220
2003,PIT,46,29.7,4.65,162,6315,5581,753,1492,275,45,163,711,86,37,529,1049,.267,.338,.420,.758,95,2346,112,87,79,38,42,1214
2003,SDP,51,28.5,4.19,162,6246,5531,678,1442,257,32,128,641,76,39,565,1073,.261,.333,.388,.721,95,2147,142,57,50,42,34,1219
2003,SEA,37,31.8,4.91,162,6281,5561,795,1509,290,33,139,759,108,37,586,989,.271,.344,.410,.754,103,2282,130,53,35,46,34,1202
2003,SFG,46,32.1,4.69,161,6204,5456,755,1440,281,29,180,713,53,37,593,980,.264,.338,.425,.763,99,2319,130,40,76,39,79,1188
2003,STL,42,29.9,5.41,162,6466,5672,876,1580,342,32,196,827,82,32,580,952,.279,.350,.454,.804,111,2574,136,73,87,54,68,1217
2003,TBD,51,26.3,4.41,162,6212,5654,715,1501,298,38,137,678,142,42,420,1030,.265,.320,.404,.724,94,2286,108,56,32,50,46,1129
2003,TEX,52,28.4,5.10,162,6293,5664,826,1506,274,36,239,799,65,25,488,1052,.266,.330,.454,.784,96,2569,115,75,24,42,31,1141
2003,TOR,40,28.4,5.52,162,6364,5661,894,1580,357,33,190,853,37,25,546,1081,.279,.349,.455,.803,107,2573,146,90,11,56,40,1175
2004,ANA,38,28.9,5.16,162,6296,5675,836,1603,272,37,162,783,143,46,450,942,.282,.341,.429,.770,102,2435,123,73,56,41,43,1133
2004,ARI,52,28.8,3.80,162,6114,5544,615,1401,295,38,135,582,53,32,441,1022,.253,.310,.393,.703,77,2177,137,35,56,37,38,1108
2004,ATL,39,28.9,4.96,162,6339,5570,803,1503,304,37,178,767,86,32,587,1158,.270,.343,.434,.777,99,2415,123,59,75,48,51,1230
2004,BAL,47,30.3,5.20,162,6431,5736,842,1614,319,18,169,803,101,41,528,949,.281,.345,.432,.776,103,2476,126,57,46,62,34,1216
2004,BOS,50,30.6,5.86,162,6515,5720,949,1613,373,25,222,912,68,30,659,1189,.282,.360,.472,.832,110,2702,123,69,12,55,39,1257
2004,CHC,43,30.1,4.87,162,6281,5628,789,1508,308,29,235,755,66,28,489,1080,.268,.328,.458,.786,99,2579,120,38,78,48,46,1121
2004,CHW,42,28.6,5.34,162,6197,5534,865,1481,284,19,242,823,78,51,499,1030,.268,.333,.457,.790,102,2529,119,63,58,42,25,1031
2004,CIN,44,28.4,4.63,162,6278,5518,750,1380,287,28,194,713,77,25,599,1335,.250,.331,.418,.749,95,2305,125,81,55,25,38,1176
2004,CLE,52,28.6,5.30,162,6452,5676,858,1565,345,29,184,820,94,55,606,1009,.276,.351,.444,.795,111,2520,143,78,47,42,41,1197
2004,COL,47,30.3,5.14,162,6333,5577,833,1531,331,34,202,795,44,33,568,1181,.275,.345,.455,.800,95,2536,132,54,97,37,51,1167
2004,DET,39,28.2,5.10,162,6285,5623,827,1531,284,54,201,800,86,50,518,1144,.272,.337,.449,.786,108,2526,110,50,50,43,32,1116
2004,FLA,45,28.9,4.43,162,6160,5486,718,1447,275,32,148,677,96,43,499,968,.264,.329,.406,.736,94,2230,142,58,77,40,37,1127
2004,HOU,42,31.8,4.96,162,6269,5468,803,1458,294,36,187,756,89,30,590,999,.267,.342,.436,.778,99,2385,128,61,98,52,54,1175
2004,KCR,58,28.9,4.44,162,6153,5538,720,1432,261,29,150,675,67,48,461,1057,.259,.322,.397,.720,86,2201,130,76,40,38,28,1099
2004,LAD,43,28.9,4.70,162,6244,5542,761,1450,226,30,203,731,102,41,536,1092,.262,.332,.423,.755,98,2345,121,62,69,35,45,1152
2004,MIL,41,28.5,3.94,161,6195,5483,634,1358,295,32,135,601,138,40,540,1312,.248,.321,.387,.708,83,2122,120,68,56,40,49,1199
2004,MIN,42,27.8,4.81,162,6286,5623,780,1494,310,24,191,735,116,46,513,982,.266,.332,.431,.763,96,2425,130,64,46,40,42,1110
2004,MON,46,27.5,3.92,162,6138,5474,635,1361,276,27,151,605,109,38,496,925,.249,.313,.392,.705,79,2144,115,35,100,33,51,1123
2004,NYM,52,29.8,4.22,162,6209,5532,684,1376,289,20,185,658,107,23,512,1159,.249,.317,.409,.726,88,2260,129,61,69,34,54,1142
2004,NYY,43,32.3,5.54,162,6364,5527,897,1483,281,20,242,863,84,33,670,982,.268,.353,.458,.811,111,2530,157,80,37,50,40,1190
2004,OAK,36,29.6,4.90,162,6459,5728,793,1545,336,15,189,752,47,22,608,1061,.270,.343,.433,.776,102,2478,142,55,25,43,40,1274
2004,PHI,39,29.3,5.19,162,6456,5643,840,1505,303,23,215,802,100,27,645,1133,.267,.345,.443,.788,98,2499,123,58,64,46,60,1236
2004,PIT,43,27.2,4.22,161,6115,5483,680,1428,267,39,142,648,63,40,415,1066,.260,.321,.401,.722,87,2199,117,95,79,42,33,1123
2004,SDP,47,29.5,4.74,162,6313,5573,768,1521,304,32,139,722,52,25,566,910,.273,.342,.414,.756,104,2306,128,56,52,66,45,1235
2004,SEA,48,31.5,4.31,162,6362,5722,698,1544,276,20,136,658,110,42,492,1058,.270,.331,.396,.727,91,2268,131,54,46,48,49,1241
2004,SFG,43,31.5,5.25,162,6466,5546,850,1500,314,33,183,805,43,23,705,874,.270,.357,.438,.795,104,2429,142,72,92,51,153,1289
2004,STL,37,30.6,5.28,162,6297,5555,855,1544,319,24,214,817,111,47,548,1085,.278,.344,.460,.804,107,2553,121,51,73,70,64,1156
2004,TBD,48,28.1,4.43,161,6098,5483,714,1416,278,46,145,685,132,42,469,944,.258,.320,.405,.725,91,2221,97,55,35,56,33,1096
2004,TEX,52,27.9,5.31,162,6256,5615,860,1492,323,34,227,825,69,36,500,1099,.266,.329,.457,.786,96,2564,91,61,23,57,41,1098
2004,TOR,47,28.0,4.47,161,6178,5531,719,1438,290,34,145,680,58,31,513,1083,.260,.328,.403,.732,87,2231,139,71,20,42,25,1164
2005,ARI,43,30.3,4.30,162,6327,5550,696,1419,291,27,191,670,67,26,606,1094,.256,.332,.421,.754,94,2337,132,55,71,45,51,1247
2005,ATL,45,28.1,4.75,162,6186,5486,769,1453,308,37,184,733,92,32,534,1084,.265,.333,.435,.768,99,2387,146,45,75,46,56,1114
2005,BAL,46,31.3,4.50,162,6134,5551,729,1492,296,27,189,700,83,37,447,902,.269,.327,.434,.761,102,2409,145,54,40,42,31,1103
2005,BOS,52,31.5,5.62,162,6403,5626,910,1579,339,21,199,863,45,12,653,1044,.281,.357,.454,.811,111,2557,135,47,14,63,34,1249
2005,CHC,46,29.7,4.34,162,6161,5584,703,1506,323,23,194,674,65,39,419,920,.270,.324,.440,.764,95,2457,131,50,69,37,49,1133
2005,CHW,38,29.3,4.57,162,6146,5529,741,1450,253,23,200,713,137,67,435,1002,.262,.322,.425,.747,95,2349,122,79,53,49,27,1032
2005,CIN,46,28.6,5.03,163,6321,5565,820,1453,335,15,222,784,72,23,611,1303,.261,.339,.446,.785,104,2484,116,62,43,39,42,1176
2005,CLE,38,27.7,4.88,162,6255,5609,790,1522,337,30,207,760,62,36,503,1093,.271,.334,.453,.787,111,2540,128,54,39,50,33,1148
2005,COL,54,27.2,4.57,162,6238,5542,740,1477,280,34,150,704,65,32,509,1103,.267,.333,.411,.744,85,2275,125,64,88,34,36,1197
2005,DET,45,28.5,4.46,162,6136,5602,723,1521,283,45,168,678,66,28,384,1038,.272,.321,.428,.750,100,2398,137,53,44,52,24,1077
2005,FLA,47,29.7,4.43,162,6214,5502,717,1499,306,32,128,678,96,38,512,918,.272,.339,.409,.748,101,2253,144,67,82,50,61,1181
2005,HOU,36,30.2,4.25,163,6139,5462,693,1400,281,32,161,654,115,44,481,1037,.256,.322,.408,.730,90,2228,116,72,82,42,43,1136
2005,KCR,46,27.8,4.33,162,6086,5503,701,1445,289,34,126,653,53,33,424,1008,.263,.320,.396,.716,91,2180,139,63,46,50,23,1062
2005,LAA,40,29.7,4.70,162,6186,5624,761,1520,278,30,147,726,161,57,447,848,.270,.325,.409,.734,96,2299,125,29,43,39,51,1086
2005,LAD,44,28.6,4.23,162,6134,5433,685,1374,284,21,149,653,58,35,541,1094,.253,.326,.395,.721,90,2147,139,67,57,33,30,1135
2005,MIL,39,28.4,4.48,162,6156,5448,726,1413,327,19,175,689,79,34,531,1162,.259,.331,.423,.754,97,2303,137,73,66,38,55,1120
2005,MIN,37,27.6,4.25,162,6192,5564,688,1441,269,32,134,644,102,44,485,978,.259,.323,.391,.714,88,2176,155,59,42,42,49,1109
2005,NYM,42,28.8,4.46,162,6146,5505,722,1421,279,32,175,683,153,40,486,1075,.258,.322,.416,.738,95,2289,103,48,69,38,49,1122
2005,NYY,51,32.4,5.47,162,6406,5624,886,1552,259,16,229,847,84,27,637,989,.276,.355,.450,.805,115,2530,125,73,28,43,41,1264
2005,OAK,41,28.6,4.77,162,6275,5627,772,1476,310,20,155,739,31,22,537,819,.262,.330,.407,.737,96,2291,148,52,19,40,22,1170
2005,PHI,40,30.0,4.98,162,6345,5542,807,1494,282,35,167,760,116,27,639,1083,.270,.348,.423,.772,98,2347,107,56,62,46,76,1251
2005,PIT,44,27.4,4.20,162,6221,5573,680,1445,292,38,139,656,73,30,471,1092,.259,.322,.400,.723,89,2230,130,72,56,49,38,1193
2005,SDP,46,31.0,4.22,162,6271,5502,684,1416,269,39,130,655,99,44,600,977,.257,.333,.391,.724,97,2153,122,49,72,48,41,1220
2005,SEA,48,28.9,4.31,162,6095,5507,699,1408,289,34,130,657,102,47,466,986,.256,.317,.391,.709,92,2155,115,48,37,37,50,1076
2005,SFG,50,32.2,4.01,162,6077,5462,649,1427,299,26,128,617,71,35,431,901,.261,.319,.396,.714,86,2162,147,49,91,44,26,1093
2005,STL,40,30.8,4.97,162,6246,5538,805,1494,287,26,170,757,83,36,534,947,.270,.339,.423,.762,98,2343,127,62,77,35,60,1152
2005,TBD,43,27.5,4.63,162,6120,5552,750,1519,289,40,157,717,151,49,412,990,.274,.329,.425,.754,101,2359,133,69,34,51,25,1065
2005,TEX,50,28.1,5.34,162,6301,5716,865,1528,311,29,260,834,67,15,495,1112,.267,.329,.468,.798,105,2677,123,48,9,32,20,1104
2005,TOR,37,28.0,4.78,162,6233,5581,775,1480,307,39,136,735,72,35,486,955,.265,.331,.407,.738,94,2273,126,89,21,56,18,1118
2005,WSN,55,29.3,3.94,162,6142,5426,639,1367,311,32,117,615,45,45,491,1090,.252,.322,.386,.708,89,2093,130,89,91,45,55,1137
2006,ARI,45,29.6,4.77,162,6330,5645,773,1506,331,38,160,743,76,30,504,965,.267,.331,.424,.755,89,2393,136,67,61,53,47,1166
2006,ATL,45,27.4,5.24,162,6284,5583,849,1510,312,26,222,818,52,35,526,1169,.270,.337,.455,.791,101,2540,131,52,78,44,48,1105
2006,BAL,46,30.3,4.74,162,6240,5610,768,1556,288,20,164,727,121,32,474,878,.277,.339,.424,.763,97,2376,145,73,40,41,35,1177
2006,BOS,53,30.5,5.06,162,6435,5619,820,1510,327,16,192,777,51,23,672,1056,.269,.351,.435,.786,98,2445,136,66,22,56,56,1301
2006,CHC,46,28.6,4.42,162,6147,5587,716,1496,271,46,166,677,121,49,395,928,.268,.319,.422,.741,86,2357,135,43,84,37,24,1082
2006,CHW,37,29.5,5.36,162,6318,5657,868,1586,291,20,236,839,93,48,502,1056,.280,.342,.464,.806,103,2625,118,58,44,57,33,1125
2006,CIN,54,29.6,4.62,162,6296,5515,749,1419,291,12,217,718,124,33,614,1192,.257,.336,.432,.768,93,2385,122,59,66,38,52,1196
2006,CLE,45,27.8,5.37,162,6303,5619,870,1576,351,27,196,839,55,23,556,1204,.280,.349,.457,.806,108,2569,127,54,30,43,42,1162
2006,COL,50,27.9,5.02,162,6348,5562,813,1504,325,54,157,761,85,50,561,1108,.270,.341,.433,.774,90,2408,119,60,119,45,64,1174
2006,DET,40,29.3,5.07,162,6198,5642,822,1548,294,40,203,785,60,40,430,1133,.274,.329,.449,.777,99,2531,120,45,45,36,27,1068
2006,FLA,40,25.6,4.68,162,6191,5502,758,1454,309,42,182,713,110,58,497,1249,.264,.331,.435,.766,99,2393,109,74,76,42,55,1126
2006,HOU,39,30.5,4.54,162,6326,5521,735,1407,275,27,174,708,79,36,585,1076,.255,.332,.409,.741,89,2258,122,73,100,46,54,1191
2006,KCR,55,29.5,4.67,162,6229,5589,757,1515,335,37,124,718,65,34,474,1040,.271,.332,.411,.743,91,2296,130,64,52,48,32,1144
2006,LAA,40,28.8,4.73,162,6221,5609,766,1539,309,29,159,737,148,57,486,914,.274,.334,.425,.759,95,2383,126,42,31,53,49,1121
2006,LAD,50,29.8,5.06,162,6394,5628,820,1552,307,58,153,787,128,49,601,959,.276,.348,.432,.781,99,2434,140,51,66,48,61,1223
2006,MIL,49,28.8,4.51,162,6130,5433,730,1400,301,20,180,695,71,37,502,1233,.258,.327,.420,.747,89,2281,133,82,58,53,48,1108
2006,MIN,39,28.3,4.94,162,6228,5602,801,1608,275,34,143,754,101,42,490,872,.287,.347,.425,.771,101,2380,163,50,31,55,46,1143
2006,NYM,49,30.1,5.15,162,6291,5558,834,1469,323,41,200,800,146,35,547,1071,.264,.334,.445,.780,100,2474,114,62,77,47,63,1115
2006,NYY,49,30.9,5.74,162,6455,5651,930,1608,327,21,210,902,139,35,649,1053,.285,.363,.461,.824,111,2607,139,72,34,49,43,1253
2006,OAK,41,29.5,4.76,162,6281,5500,771,1429,266,22,175,735,61,20,650,976,.260,.340,.412,.752,97,2264,170,50,25,56,28,1187
2006,PHI,45,29.3,5.34,162,6509,5687,865,1518,294,41,216,823,92,25,626,1203,.267,.347,.447,.794,98,2542,115,95,57,44,67,1275
2006,PIT,42,27.8,4.27,162,6218,5558,691,1462,286,17,141,656,68,23,459,1200,.263,.327,.397,.723,86,2205,153,89,62,49,49,1175
2006,SDP,46,30.7,4.51,162,6287,5576,731,1465,298,38,161,698,123,31,564,1104,.263,.332,.416,.749,99,2322,127,40,59,47,37,1188
2006,SEA,49,28.6,4.67,162,6213,5670,756,1540,266,42,172,703,106,37,404,974,.272,.325,.424,.749,95,2406,117,63,38,38,49,1110
2006,SFG,44,33.5,4.63,161,6136,5472,746,1418,297,52,163,711,58,25,494,891,.259,.324,.422,.746,90,2308,136,53,80,37,76,1092
2006,STL,41,29.6,4.85,161,6225,5522,781,1484,292,27,184,745,59,32,531,922,.269,.337,.431,.769,97,2382,129,61,71,40,70,1158
2006,TBD,49,27.3,4.25,162,6041,5474,689,1395,267,33,190,650,134,52,441,1106,.255,.314,.420,.733,89,2298,101,47,35,43,23,1038
2006,TEX,51,28.4,5.15,162,6273,5659,835,1571,357,23,183,799,53,24,505,1061,.278,.338,.446,.784,101,2523,148,40,18,50,35,1139
2006,TOR,42,28.6,4.99,162,6241,5596,809,1591,348,27,199,778,65,33,514,906,.284,.348,.463,.811,108,2590,166,63,16,52,31,1162
2006,WSN,57,28.5,4.60,162,6283,5495,746,1437,322,22,164,695,123,62,594,1156,.262,.338,.418,.756,98,2295,118,69,76,49,66,1194
2007,ARI,47,26.6,4.40,162,6101,5398,712,1350,286,40,171,687,109,24,532,1111,.250,.321,.413,.734,83,2229,121,57,55,58,38,1090
2007,ATL,50,27.6,5.00,162,6374,5689,810,1562,328,27,176,781,64,30,534,1149,.275,.339,.435,.774,101,2472,137,49,55,47,43,1205
2007,BAL,49,30.4,4.67,162,6264,5631,756,1529,306,30,142,718,144,42,500,939,.272,.333,.412,.746,95,2321,139,47,38,47,31,1152
2007,BOS,40,30.2,5.35,162,6426,5589,867,1561,352,35,166,829,96,24,689,1042,.279,.362,.444,.806,107,2481,146,64,30,54,54,1291
2007,CHC,47,29.3,4.64,162,6268,5643,752,1530,340,28,151,711,86,33,500,1054,.271,.333,.422,.754,90,2379,127,40,48,37,48,1190
2007,CHW,43,29.5,4.28,162,6103,5441,693,1341,249,20,190,667,78,45,532,1149,.246,.318,.404,.722,86,2200,138,52,41,35,33,1074
2007,CIN,51,29.7,4.83,162,6332,5607,783,1496,293,23,204,747,97,31,536,1113,.267,.335,.436,.772,95,2447,140,66,73,46,51,1170
2007,CLE,41,28.1,5.01,162,6367,5604,811,1504,305,27,178,784,72,41,590,1202,.268,.343,.428,.771,102,2397,114,80,32,59,56,1215
2007,COL,53,27.9,5.28,163,6498,5691,860,1591,313,36,171,823,100,31,622,1152,.280,.354,.437,.791,98,2489,140,58,83,44,51,1251
2007,DET,44,30.8,5.48,162,6364,5757,887,1652,352,50,177,857,103,30,474,1054,.287,.345,.458,.802,108,2635,128,56,31,45,45,1148
2007,FLA,50,26.7,4.88,162,6344,5627,790,1504,340,38,201,749,105,34,521,1332,.267,.336,.448,.784,104,2523,107,82,72,42,46,1192
2007,HOU,41,31.4,4.46,162,6324,5605,723,1457,293,30,167,700,65,33,547,1043,.260,.330,.412,.742,91,2311,142,55,77,40,40,1181
2007,KCR,45,27.9,4.36,162,6140,5534,706,1447,300,46,102,660,78,44,428,1069,.261,.322,.388,.710,87,2145,151,89,41,47,34,1089
2007,LAA,42,28.6,5.07,162,6198,5554,822,1578,324,23,123,776,139,55,507,883,.284,.345,.417,.762,99,2317,146,40,32,65,55,1100
2007,LAD,45,29.7,4.54,162,6282,5614,735,1544,276,35,129,706,137,50,511,864,.275,.337,.406,.743,91,2277,116,41,58,55,41,1200
2007,MIL,40,27.8,4.94,162,6238,5554,801,1455,310,37,231,774,96,32,501,1137,.262,.329,.456,.785,101,2532,112,76,60,47,60,1117
2007,MIN,42,28.4,4.43,162,6161,5522,718,1460,273,36,118,671,112,30,512,839,.264,.330,.391,.721,94,2159,149,48,34,45,41,1121
2007,NYM,49,30.8,4.96,162,6344,5605,804,1543,294,27,177,761,200,46,549,981,.275,.342,.432,.775,101,2422,114,54,77,58,64,1196
2007,NYY,49,30.7,5.98,162,6528,5717,968,1656,326,32,201,929,123,40,637,991,.290,.366,.463,.829,116,2649,138,78,41,54,32,1249
2007,OAK,54,28.9,4.57,162,6365,5577,741,1430,295,16,171,711,52,20,664,1119,.256,.338,.407,.745,101,2270,142,49,18,56,29,1258
2007,PHI,46,28.8,5.51,162,6537,5688,892,1558,326,41,213,850,138,19,641,1205,.274,.354,.458,.812,105,2605,125,90,65,52,74,1295
2007,PIT,46,27.2,4.47,162,6214,5569,724,1463,322,31,148,694,68,30,463,1135,.263,.325,.411,.736,92,2291,130,71,60,51,31,1119
2007,SDP,49,29.9,4.55,163,6326,5612,741,1408,322,31,171,704,55,24,557,1229,.251,.322,.411,.732,97,2305,113,49,64,44,45,1152
2007,SEA,44,29.7,4.90,162,6209,5684,794,1629,284,22,153,754,81,30,389,861,.287,.337,.425,.762,103,2416,154,62,33,40,32,1128
2007,SFG,44,32.6,4.22,162,6213,5538,683,1407,267,37,131,641,119,33,532,907,.254,.322,.387,.708,82,2141,142,39,67,36,74,1141
2007,STL,45,30.3,4.48,162,6211,5529,725,1513,279,13,141,690,56,33,506,909,.274,.337,.405,.743,92,2241,154,54,68,54,47,1167
2007,TBD,45,26.1,4.83,162,6280,5593,782,1500,291,36,187,750,131,48,545,1324,.268,.336,.433,.769,103,2424,119,53,34,52,31,1166
2007,TEX,50,29.3,5.04,162,6214,5555,816,1460,298,36,179,768,88,25,503,1224,.263,.328,.426,.754,97,2367,129,56,57,42,27,1092
2007,TOR,46,30.2,4.65,162,6197,5536,753,1434,344,24,165,719,57,22,533,1044,.259,.327,.419,.746,95,2321,127,47,33,48,32,1112
2007,WSN,47,27.9,4.15,162,6201,5520,673,1415,309,31,123,646,69,23,524,1128,.256,.325,.390,.715,89,2155,143,53,63,41,38,1163
2008,ARI,41,26.7,4.44,162,6156,5409,720,1355,318,47,159,683,58,23,587,1287,.251,.327,.415,.742,88,2244,105,49,68,43,49,1142
2008,ATL,49,27.1,4.65,162,6368,5604,753,1514,316,33,130,721,58,27,618,1023,.270,.345,.408,.753,99,2286,143,42,69,34,56,1274
2008,BAL,46,30.0,4.86,161,6211,5559,782,1486,322,30,172,750,81,37,533,990,.267,.333,.429,.762,100,2384,111,42,27,48,37,1134
2008,BOS,47,29.7,5.22,162,6402,5596,845,1565,353,33,173,807,120,35,646,1068,.280,.358,.447,.805,107,2503,147,70,28,62,49,1262
2008,CHC,42,30.0,5.31,161,6384,5588,855,1552,329,21,184,811,87,34,636,1186,.278,.354,.443,.797,103,2475,134,50,65,45,48,1237
2008,CHW,39,30.4,4.98,163,6231,5553,811,1458,296,13,235,785,67,34,540,1016,.263,.332,.448,.780,102,2485,157,63,28,47,33,1067
2008,CIN,48,28.6,4.35,162,6188,5465,704,1351,269,24,187,677,85,47,560,1125,.247,.321,.408,.729,89,2229,101,50,72,41,50,1138
2008,CLE,49,27.7,4.97,162,6299,5543,805,1455,339,22,171,772,77,29,560,1213,.262,.339,.424,.763,103,2351,123,103,43,49,44,1184
2008,COL,49,27.5,4.61,162,6312,5557,747,1462,310,28,160,714,141,37,570,1209,.263,.336,.415,.751,89,2308,119,57,90,38,36,1207
2008,DET,46,30.3,5.07,162,6331,5641,821,1529,293,41,200,780,63,31,572,1076,.271,.340,.444,.784,105,2504,144,44,30,44,23,1159
2008,FLA,45,28.0,4.78,161,6206,5499,770,1397,302,28,208,741,76,28,543,1371,.254,.326,.433,.759,97,2379,98,69,49,46,50,1140
2008,HOU,41,31.1,4.42,161,6051,5451,712,1432,284,22,167,684,114,52,449,1051,.263,.323,.415,.737,95,2261,116,52,57,41,42,1073
2008,KCR,43,28.0,4.27,162,6118,5608,691,1507,303,28,120,650,79,38,392,1005,.269,.320,.397,.717,91,2226,144,50,32,36,31,1073
2008,LAA,41,28.9,4.72,162,6155,5540,765,1486,274,25,159,721,129,48,481,987,.268,.330,.413,.743,95,2287,140,52,32,50,52,1087
2008,LAD,46,28.5,4.32,162,6194,5506,700,1455,271,29,137,659,126,43,543,1032,.264,.333,.399,.732,93,2195,153,43,64,38,62,1161
2008,MIL,44,28.6,4.63,162,6252,5535,750,1398,324,35,198,722,108,38,550,1203,.253,.325,.431,.757,99,2386,97,69,54,43,44,1153
2008,MIN,40,26.4,5.09,163,6331,5641,829,1572,298,49,111,791,102,42,529,979,.279,.340,.408,.748,102,2301,142,36,52,72,48,1140
2008,NYM,50,30.1,4.93,162,6388,5606,799,1491,274,38,172,751,138,36,619,1024,.266,.340,.420,.761,101,2357,129,39,73,49,71,1220
2008,NYY,51,31.2,4.87,162,6257,5572,789,1512,289,20,180,758,118,39,535,1015,.271,.342,.427,.769,101,2381,149,80,31,39,36,1160
2008,OAK,51,27.2,4.01,161,6138,5451,646,1318,270,23,125,610,88,21,574,1226,.242,.318,.369,.686,87,2009,126,48,30,35,23,1166
2008,PHI,40,30.1,4.93,162,6273,5509,799,1407,291,36,214,762,136,25,586,1117,.255,.332,.438,.770,99,2412,108,67,71,40,68,1154
2008,PIT,47,28.4,4.54,162,6278,5628,735,1454,314,21,153,705,57,19,474,1039,.258,.320,.403,.723,92,2269,111,59,66,51,40,1135
2008,SDP,59,28.9,3.93,162,6244,5568,637,1390,264,27,154,615,36,17,518,1259,.250,.317,.390,.707,96,2170,129,53,59,46,35,1181
2008,SEA,44,29.6,4.14,162,6176,5643,671,1498,285,20,124,631,90,32,417,890,.265,.318,.389,.707,90,2195,137,38,36,42,44,1151
2008,SFG,49,29.6,3.95,162,6145,5543,640,1452,311,37,94,606,108,46,452,1044,.262,.321,.382,.703,83,2119,139,48,57,44,45,1148
2008,STL,43,28.8,4.81,162,6370,5636,779,1585,283,26,174,744,73,32,577,985,.281,.350,.433,.783,107,2442,150,42,71,44,63,1241
2008,TBR,46,27.2,4.78,162,6312,5541,774,1443,284,37,180,735,142,50,626,1224,.260,.340,.422,.762,101,2341,111,68,23,52,33,1215
2008,TEX,55,27.7,5.56,162,6478,5728,901,1619,376,35,194,867,81,25,595,1207,.283,.354,.462,.816,114,2647,117,63,37,54,43,1238
2008,TOR,43,30.8,4.41,162,6191,5503,714,1453,303,32,126,681,80,27,521,938,.264,.331,.399,.731,96,2198,150,59,48,56,34,1155
2008,WSN,50,27.8,3.98,161,6192,5491,641,1376,269,26,117,608,81,43,534,1095,.251,.323,.373,.696,84,2048,153,67,64,36,21,1178
2009,ARI,45,26.5,4.44,162,6269,5565,720,1408,307,45,173,686,102,40,571,1298,.253,.324,.418,.742,91,2324,93,37,54,41,47,1173
2009,ATL,45,28.8,4.54,162,6335,5539,735,1459,300,20,149,700,58,26,602,1064,.263,.339,.405,.744,97,2246,142,52,95,47,54,1223
2009,BAL,48,28.7,4.57,162,6233,5618,741,1508,307,19,160,708,76,37,517,1013,.268,.332,.415,.747,95,2333,131,39,13,46,25,1160
2009,BOS,52,30.0,5.38,162,6344,5543,872,1495,335,25,212,822,126,39,659,1120,.270,.352,.454,.806,106,2516,137,70,19,51,39,1210
2009,CHC,45,29.9,4.39,161,6244,5486,707,1398,293,29,161,678,56,34,592,1185,.255,.332,.407,.738,89,2232,134,59,65,42,44,1209
2009,CHW,45,29.8,4.47,162,6132,5463,724,1410,246,20,184,695,113,49,534,1022,.258,.329,.411,.740,90,2248,139,62,34,39,25,1086
2009,CIN,46,27.9,4.15,162,6187,5462,673,1349,280,25,158,637,96,40,531,1129,.247,.318,.394,.712,87,2153,103,53,100,41,37,1131
2009,CLE,52,27.4,4.77,162,6320,5568,773,1468,314,28,161,730,84,31,582,1211,.264,.339,.417,.756,102,2321,140,81,39,50,20,1198
2009,COL,45,27.8,4.96,162,6241,5398,804,1408,300,50,190,760,106,55,660,1277,.261,.343,.441,.784,96,2378,111,47,76,60,40,1147
2009,DET,45,29.6,4.56,163,6234,5540,743,1443,245,35,183,718,72,33,540,1114,.260,.331,.416,.747,95,2307,131,61,53,39,30,1159
2009,FLA,44,27.0,4.77,162,6312,5572,772,1493,296,25,159,727,75,35,568,1226,.268,.340,.416,.756,97,2316,110,63,70,39,46,1214
2009,HOU,42,31.6,3.97,162,6040,5436,643,1415,270,32,142,616,113,44,448,990,.260,.319,.400,.719,91,2175,153,43,66,45,37,1080
2009,KCR,43,27.8,4.23,162,6103,5532,686,1432,276,51,144,657,88,29,457,1091,.259,.318,.405,.724,92,2242,135,42,38,32,20,1090
2009,LAA,46,29.5,5.45,162,6305,5622,883,1604,293,33,173,841,148,63,547,1054,.285,.350,.441,.792,108,2482,128,41,43,52,32,1134
2009,LAD,47,29.7,4.81,162,6385,5592,780,1511,278,39,145,739,116,48,607,1068,.270,.346,.412,.758,104,2302,141,63,78,44,76,1224
2009,MIL,45,29.3,4.85,162,6296,5510,785,1447,281,37,182,757,68,37,610,1231,.263,.341,.426,.767,103,2348,128,71,58,47,44,1203
2009,MIN,42,27.7,5.01,163,6346,5608,817,1539,271,40,172,770,85,32,585,1021,.274,.345,.429,.774,104,2406,147,45,51,57,46,1185
2009,NYM,53,29.5,4.14,162,6159,5453,671,1472,295,49,95,631,122,44,526,928,.270,.335,.394,.729,95,2150,144,36,88,55,49,1183
2009,NYY,45,30.4,5.65,162,6449,5660,915,1604,325,21,244,881,111,28,663,1014,.283,.362,.478,.839,114,2703,144,54,31,39,35,1238
2009,OAK,51,28.9,4.69,162,6247,5584,759,1464,307,21,135,723,133,48,527,1046,.262,.328,.397,.726,92,2218,130,50,31,54,16,1130
2009,PHI,41,31.3,5.06,162,6338,5578,820,1439,312,35,224,788,119,28,589,1155,.258,.334,.447,.781,104,2493,90,71,55,45,47,1192
2009,PIT,49,27.0,3.95,161,6058,5417,636,1364,289,34,125,612,90,32,499,1142,.252,.318,.387,.705,87,2096,124,46,60,36,44,1124
2009,SDP,56,28.0,3.94,162,6179,5425,638,1315,265,31,141,605,82,29,586,1182,.242,.321,.381,.701,93,2065,131,57,74,36,52,1168
2009,SEA,46,29.7,3.95,162,6113,5543,640,1430,280,19,160,613,89,33,421,1093,.258,.314,.402,.716,92,2228,124,49,56,44,39,1121
2009,SFG,44,29.0,4.06,162,6057,5493,657,1411,275,43,122,612,78,28,392,1158,.257,.309,.389,.699,82,2138,115,50,67,55,41,1080
2009,STL,42,28.5,4.51,162,6168,5465,730,1436,294,29,160,694,75,31,528,1041,.263,.332,.415,.747,98,2268,127,61,68,43,73,1152
2009,TBR,41,28.0,4.96,162,6223,5462,803,1434,297,36,199,765,194,61,642,1229,.263,.343,.439,.782,106,2400,104,49,25,45,36,1151
2009,TEX,44,27.8,4.84,162,6127,5526,784,1436,296,27,224,748,149,36,472,1253,.260,.320,.445,.764,95,2458,97,37,40,51,23,1059
2009,TOR,44,29.9,4.93,162,6362,5696,798,1516,339,13,209,766,73,23,548,1028,.266,.333,.440,.773,102,2508,130,45,24,49,23,1195
2009,WSN,55,28.4,4.38,162,6273,5493,710,1416,271,38,156,685,73,40,617,1208,.258,.337,.406,.743,96,2231,133,56,64,42,39,1223
2010,ARI,48,26.8,4.40,162,6183,5473,713,1366,301,34,180,691,86,41,589,1529,.250,.325,.416,.740,94,2275,113,39,41,41,45,1139
2010,ATL,43,28.6,4.56,162,6252,5463,738,1411,312,25,139,699,63,29,634,1140,.258,.339,.401,.740,101,2190,136,51,69,35,50,1222
2010,BAL,45,28.7,3.78,162,6109,5554,613,1440,264,21,133,577,76,34,424,1056,.259,.316,.386,.702,92,2145,154,54,31,45,32,1139
2010,BOS,53,30.8,5.05,162,6356,5646,818,1511,358,22,211,782,68,17,587,1140,.268,.339,.451,.790,109,2546,130,47,29,46,43,1200
2010,CHC,44,29.3,4.23,162,6140,5512,685,1414,298,27,149,658,55,31,479,1236,.257,.320,.401,.721,90,2213,124,50,60,38,32,1129
2010,CHW,40,30.6,4.64,162,6118,5484,752,1467,263,21,177,710,160,74,467,922,.268,.332,.420,.752,102,2303,148,79,50,38,23,1046
2010,CIN,44,29.0,4.88,162,6285,5579,790,1515,293,30,188,761,93,43,522,1218,.272,.338,.436,.774,106,2432,113,68,66,50,34,1174
2010,CLE,45,27.2,3.99,162,6165,5487,646,1362,290,20,128,601,91,33,545,1184,.248,.322,.378,.700,96,2076,118,64,36,33,34,1186
2010,COL,43,28.8,4.75,162,6265,5530,770,1452,270,54,173,741,99,41,585,1274,.263,.336,.425,.760,92,2349,103,47,56,47,53,1175
2010,DET,41,28.8,4.64,162,6312,5643,751,1515,308,32,152,717,69,30,546,1147,.268,.335,.415,.750,102,2343,118,41,41,41,50,1229
2010,FLA,57,26.9,4.44,162,6194,5531,719,1403,294,37,152,686,92,26,514,1375,.254,.321,.403,.724,92,2227,107,55,51,43,42,1154
2010,HOU,48,29.6,3.77,162,6005,5452,611,1348,252,25,108,577,100,36,415,1025,.247,.303,.362,.665,81,1974,130,33,75,29,27,1060
2010,KCR,46,28.8,4.17,162,6209,5604,676,1534,279,31,121,640,115,50,471,905,.274,.331,.399,.730,100,2238,152,35,45,53,25,1173
2010,LAA,46,29.5,4.20,162,6089,5488,681,1363,276,19,155,656,104,52,466,1070,.248,.311,.390,.702,94,2142,125,52,42,37,28,1049
2010,LAD,49,30.2,4.12,162,6140,5426,667,1368,270,29,120,621,92,50,533,1184,.252,.322,.379,.700,92,2056,123,46,85,50,57,1142
2010,MIL,43,27.9,4.63,162,6304,5606,750,1471,293,33,182,710,81,26,546,1216,.262,.335,.424,.759,103,2376,115,81,35,35,35,1220
2010,MIN,42,28.4,4.82,162,6257,5568,781,1521,318,41,142,749,68,28,559,967,.273,.341,.422,.762,109,2347,159,39,38,53,45,1156
2010,NYM,47,28.4,4.05,162,6144,5465,656,1361,266,40,128,625,130,44,502,1095,.249,.314,.383,.697,90,2091,101,46,74,57,53,1124
2010,NYY,43,30.2,5.30,162,6379,5567,859,1485,275,32,201,823,103,30,662,1136,.267,.350,.436,.786,108,2427,124,73,33,44,36,1228
2010,OAK,49,27.7,4.09,162,6117,5448,663,1396,276,30,109,619,156,38,527,1061,.256,.324,.378,.702,92,2059,129,47,43,51,16,1159
2010,PHI,42,31.8,4.77,162,6291,5581,772,1451,290,34,166,736,108,21,560,1064,.260,.332,.413,.745,98,2307,120,63,44,43,69,1194
2010,PIT,52,26.5,3.62,162,5974,5386,587,1303,276,27,126,570,87,36,463,1207,.242,.304,.373,.678,84,2011,119,33,58,33,28,1078
2010,SDP,40,29.1,4.10,162,6148,5434,665,1338,236,24,132,630,124,50,538,1183,.246,.317,.371,.689,93,2018,106,50,79,46,67,1125
2010,SEA,47,29.4,3.17,162,5989,5409,513,1274,227,16,101,485,142,39,459,1184,.236,.298,.339,.637,79,1836,110,39,42,40,33,1116
2010,SFG,42,29.5,4.30,162,6143,5488,697,1411,284,30,162,660,55,32,487,1099,.257,.321,.408,.729,98,2241,158,50,76,41,53,1092
2010,STL,42,28.8,4.54,162,6241,5542,736,1456,285,18,150,689,79,41,541,1027,.263,.332,.402,.733,100,2227,124,50,66,40,78,1164
2010,TBR,37,27.7,4.95,162,6270,5439,802,1343,295,37,160,769,172,47,672,1292,.247,.333,.403,.736,105,2192,92,57,39,57,30,1152
2010,TEX,48,28.3,4.86,162,6302,5635,787,1556,268,25,162,740,123,48,511,986,.276,.338,.419,.757,98,2360,129,45,53,54,37,1174
2010,TOR,44,29.3,4.66,162,6072,5495,755,1364,319,21,257,732,58,20,471,1164,.248,.312,.454,.766,105,2496,114,55,16,34,25,1017
2010,WSN,46,29.1,4.04,162,6100,5418,655,1355,250,31,149,634,110,41,503,1220,.250,.318,.390,.708,91,2114,125,60,71,47,36,1113
2011,ARI,51,28.3,4.51,162,6096,5421,731,1357,293,37,172,702,133,55,531,1249,.250,.322,.413,.736,99,2240,82,61,50,33,55,1064
2011,ATL,45,28.9,3.96,162,6169,5528,641,1345,244,16,173,606,77,44,504,1260,.243,.308,.387,.695,90,2140,113,28,75,30,45,1109
2011,BAL,50,28.4,4.37,162,6156,5585,708,1434,273,13,191,684,81,25,452,1120,.257,.316,.413,.729,97,2306,154,52,24,43,24,1069
2011,BOS,49,30.0,5.40,162,6414,5710,875,1600,352,35,203,842,102,42,578,1108,.280,.349,.461,.810,116,2631,136,50,22,50,52,1190
2011,CHC,42,29.2,4.04,162,6130,5549,654,1423,285,36,148,610,69,23,425,1202,.256,.314,.401,.715,95,2224,123,59,60,35,35,1141
2011,CHW,42,29.9,4.04,162,6159,5502,654,1387,252,16,154,625,81,53,475,989,.252,.319,.388,.706,89,2133,125,84,52,46,31,1126
2011,CIN,42,28.6,4.54,162,6329,5612,735,1438,264,19,183,697,97,50,535,1250,.256,.326,.408,.734,98,2289,98,63,78,40,52,1189
2011,CLE,46,27.8,4.35,162,6142,5509,704,1380,290,26,154,671,89,42,494,1269,.250,.317,.396,.714,100,2184,111,65,31,43,30,1075
2011,COL,55,28.6,4.54,162,6275,5544,735,1429,274,40,163,697,118,42,555,1201,.258,.329,.410,.739,88,2272,112,57,75,44,54,1172
2011,DET,45,28.6,4.86,162,6231,5563,787,1540,297,34,169,750,49,20,521,1143,.277,.340,.434,.773,109,2412,142,39,50,58,47,1165
2011,FLA,44,27.4,3.86,162,6232,5508,625,1358,274,30,149,596,95,41,542,1244,.247,.318,.388,.706,93,2139,111,51,89,42,38,1198
2011,HOU,47,28.2,3.80,162,6150,5598,615,1442,309,28,95,579,118,33,401,1164,.258,.311,.374,.684,89,2092,111,46,66,37,34,1154
2011,KCR,42,25.8,4.51,162,6267,5672,730,1560,325,41,129,705,153,58,442,1006,.275,.329,.415,.744,104,2354,121,39,55,57,37,1156
2011,LAA,43,28.9,4.12,162,6088,5513,667,1394,289,34,155,629,135,52,442,1086,.253,.313,.402,.714,102,2216,126,51,50,32,33,1051
2011,LAD,48,29.8,4.00,161,6094,5436,644,1395,237,28,117,613,126,40,498,1087,.257,.322,.375,.697,95,2039,101,45,71,43,61,1165
2011,MIL,48,28.9,4.45,162,6113,5447,721,1422,276,31,185,693,94,31,481,1083,.261,.325,.425,.750,102,2315,114,56,85,44,53,1110
2011,MIN,45,27.5,3.82,162,6020,5487,619,1357,259,25,103,572,92,39,440,1048,.247,.306,.360,.666,84,1975,115,37,31,25,24,1080
2011,NYM,46,28.1,4.43,162,6335,5600,718,1477,309,39,108,676,130,35,571,1085,.264,.335,.391,.725,103,2188,112,51,65,48,56,1257
2011,NYY,48,30.5,5.35,162,6306,5518,867,1452,267,33,222,836,147,46,627,1138,.263,.343,.444,.788,110,2451,146,74,36,51,34,1114
2011,OAK,48,29.0,3.98,162,6104,5452,645,1330,280,29,114,612,117,43,509,1094,.244,.311,.369,.680,88,2010,119,50,34,57,20,1106
2011,PHI,42,31.5,4.40,162,6279,5579,713,1409,258,38,153,693,96,24,539,1024,.253,.323,.395,.717,96,2202,108,56,65,38,52,1197
2011,PIT,52,27.2,3.77,162,6064,5421,610,1325,277,35,107,580,108,52,489,1308,.244,.309,.368,.676,90,1993,123,34,75,44,31,1079
2011,SDP,48,28.0,3.66,162,6074,5417,593,1284,247,42,91,563,170,44,501,1320,.237,.305,.349,.653,85,1888,105,48,55,47,42,1103
2011,SEA,47,29.3,3.43,162,5972,5421,556,1263,253,22,109,534,125,40,435,1280,.233,.292,.348,.640,84,1887,82,37,38,41,33,1083
2011,SFG,44,30.2,3.52,162,6091,5486,570,1327,282,24,121,534,85,51,448,1122,.242,.303,.368,.671,91,2020,117,52,62,43,47,1127
2011,STL,46,29.3,4.70,162,6242,5532,762,1513,308,22,162,726,57,39,542,978,.273,.341,.425,.766,112,2351,169,44,84,40,64,1127
2011,TBR,42,28.3,4.36,162,6152,5436,707,1324,273,37,172,674,155,62,571,1193,.244,.322,.402,.724,104,2187,101,73,37,35,31,1118
2011,TEX,45,29.2,5.28,162,6261,5659,855,1599,310,32,210,807,143,45,475,930,.283,.340,.460,.800,110,2603,135,39,39,49,35,1126
2011,TOR,53,28.4,4.59,162,6210,5559,743,1384,285,34,186,704,131,52,525,1184,.249,.317,.413,.730,96,2295,108,48,31,47,41,1090
2011,WSN,44,28.4,3.88,161,6090,5441,624,1319,257,22,154,594,106,38,470,1323,.242,.309,.383,.691,89,2082,103,65,82,32,40,1114
2012,ARI,48,28.3,4.53,162,6180,5462,734,1416,307,33,165,710,93,51,539,1266,.259,.328,.418,.746,99,2284,108,41,61,45,47,1122
2012,ATL,41,28.4,4.32,162,6126,5425,700,1341,263,30,149,660,101,32,567,1289,.247,.320,.389,.709,90,2111,108,34,53,46,37,1127
2012,BAL,52,28.0,4.40,162,6160,5560,712,1375,270,16,214,677,58,29,480,1315,.247,.311,.417,.728,97,2319,152,50,38,30,24,1027
2012,BOS,56,29.3,4.53,162,6166,5604,734,1459,339,16,165,695,97,31,428,1197,.260,.315,.415,.730,96,2325,105,45,34,55,27,1076
2012,CHC,53,27.8,3.78,162,5967,5411,613,1297,265,36,137,570,94,45,447,1235,.240,.302,.378,.680,83,2045,125,43,42,24,29,1044
2012,CHW,45,29.8,4.62,162,6111,5518,748,1409,228,29,211,726,109,43,461,1203,.255,.318,.422,.740,98,2328,112,65,31,36,24,1040
2012,CIN,38,28.8,4.13,162,6115,5477,669,1377,296,30,172,636,87,27,481,1266,.251,.315,.411,.726,93,2249,100,47,73,37,54,1135
2012,CLE,48,27.8,4.12,162,6195,5525,667,1385,266,24,136,635,110,44,555,1087,.251,.324,.381,.705,99,2107,141,59,17,39,28,1162
2012,COL,49,28.0,4.68,162,6183,5577,758,1526,306,52,166,716,100,40,450,1213,.274,.330,.436,.766,93,2434,132,36,74,39,34,1111
2012,DET,47,28.0,4.48,162,6119,5476,726,1467,279,39,163,698,59,23,511,1103,.268,.335,.422,.757,103,2313,156,57,36,39,46,1121
2012,HOU,50,26.6,3.60,162,6014,5407,583,1276,238,28,146,545,105,46,463,1365,.236,.302,.371,.673,82,2008,114,58,54,30,19,1090
2012,KCR,46,26.1,4.17,162,6149,5636,676,1492,295,37,131,643,132,38,404,1032,.265,.317,.400,.716,94,2254,130,42,26,41,35,1087
2012,LAA,44,28.9,4.73,162,6121,5536,767,1518,273,22,187,732,134,33,449,1113,.274,.332,.433,.764,114,2396,138,47,47,41,29,1079
2012,LAD,50,30.4,3.93,162,6091,5438,637,1369,269,23,116,607,104,44,481,1156,.252,.317,.374,.690,90,2032,139,52,82,38,49,1112
2012,MIA,45,28.3,3.76,162,6057,5437,609,1327,261,39,137,576,149,41,484,1228,.244,.308,.382,.690,85,2077,114,35,60,40,46,1092
2012,MIL,46,29.1,4.79,162,6224,5557,776,1442,300,39,202,741,158,39,466,1240,.259,.325,.437,.762,101,2426,111,90,76,35,35,1104
2012,MIN,47,28.8,4.33,162,6209,5562,701,1448,270,30,131,666,135,37,505,1069,.260,.325,.390,.715,98,2171,149,53,33,56,28,1144
2012,NYM,49,27.9,4.01,162,6091,5450,650,1357,286,21,139,625,79,38,503,1250,.249,.316,.386,.701,94,2102,118,42,64,30,43,1118
2012,NYY,45,32.7,4.96,162,6231,5524,804,1462,280,13,245,774,93,27,565,1176,.265,.337,.453,.790,112,2503,136,62,31,49,31,1135
2012,OAK,50,27.7,4.40,162,6183,5527,713,1315,267,32,195,676,122,32,550,1387,.238,.310,.404,.714,99,2231,97,45,27,34,29,1095
2012,PHI,49,31.1,4.22,162,6172,5544,684,1414,271,28,158,659,116,23,454,1094,.255,.317,.400,.716,92,2215,114,63,72,39,41,1135
2012,PIT,49,27.7,4.02,162,6014,5412,651,1313,241,37,170,620,73,52,444,1354,.243,.304,.395,.699,93,2138,98,51,62,45,32,1049
2012,SDP,53,27.4,4.02,162,6112,5422,651,1339,272,43,121,610,155,46,539,1238,.247,.319,.380,.699,97,2060,100,54,63,34,36,1146
2012,SEA,38,27.1,3.82,162,6057,5494,619,1285,241,27,149,584,104,35,466,1259,.234,.296,.369,.665,88,2027,95,30,32,35,21,1052
2012,SFG,45,27.8,4.43,162,6200,5558,718,1495,287,57,103,675,118,39,483,1097,.269,.327,.397,.724,106,2205,114,29,69,61,44,1171
2012,STL,45,29.2,4.72,162,6326,5622,765,1526,290,37,159,732,91,37,533,1192,.271,.338,.421,.759,107,2367,135,53,69,49,45,1198
2012,TBR,43,29.7,4.30,162,6105,5398,697,1293,250,30,175,665,134,44,571,1323,.240,.317,.394,.711,99,2128,133,58,34,42,26,1058
2012,TEX,39,29.7,4.99,162,6216,5590,808,1526,303,32,200,780,91,44,478,1103,.273,.334,.446,.780,105,2493,121,57,36,53,44,1113
2012,TOR,54,27.9,4.42,162,6094,5487,716,1346,247,22,198,677,123,41,473,1251,.245,.309,.407,.716,94,2231,109,55,33,45,29,1026
2012,WSN,43,27.2,4.51,162,6221,5615,731,1468,301,25,194,688,105,35,479,1325,.261,.322,.428,.750,101,2401,110,41,50,36,43,1127
2013,ARI,44,28.2,4.23,162,6334,5676,685,1468,302,31,130,647,62,41,519,1142,.259,.323,.391,.715,96,2222,160,43,50,43,51,1160
2013,ATL,44,26.8,4.25,162,6133,5441,688,1354,247,21,181,656,64,31,542,1384,.249,.321,.402,.723,98,2186,119,55,58,35,36,1132
2013,BAL,52,27.7,4.60,162,6144,5620,745,1460,298,14,212,719,79,29,416,1125,.260,.313,.431,.744,102,2422,105,36,27,45,36,1053
2013,BOS,48,29.6,5.27,162,6382,5651,853,1566,363,29,178,819,123,19,581,1308,.277,.349,.446,.795,117,2521,137,72,24,50,51,1212
2013,CHC,56,27.9,3.72,162,6079,5498,602,1307,297,18,172,576,63,32,439,1230,.238,.300,.392,.693,88,2156,120,67,43,30,28,1092
2013,CHW,47,29.1,3.69,162,6077,5563,598,1385,237,19,148,574,105,42,411,1207,.249,.302,.378,.680,84,2104,124,34,19,48,23,1068
2013,CIN,39,28.5,4.31,162,6293,5499,698,1370,274,20,155,664,67,35,585,1245,.249,.327,.391,.718,96,2149,129,76,85,46,65,1191
2013,CLE,49,28.5,4.60,162,6165,5465,745,1391,290,23,171,711,117,36,562,1283,.255,.327,.410,.737,108,2240,106,51,31,56,19,1126
2013,COL,43,27.7,4.36,162,6152,5599,706,1511,283,36,159,673,112,32,427,1204,.270,.323,.418,.741,92,2343,111,26,65,35,26,1118
2013,DET,39,29.9,4.91,162,6388,5735,796,1625,292,23,176,767,35,20,531,1073,.283,.346,.434,.780,111,2491,146,43,32,47,40,1250
2013,HOU,50,25.9,3.77,162,6020,5457,610,1307,266,16,148,566,110,61,426,1535,.240,.299,.375,.674,86,2049,110,52,46,38,17,1007
2013,KCR,43,27.0,4.00,162,6093,5549,648,1443,254,34,112,620,153,32,422,1048,.260,.315,.379,.694,89,2101,131,42,37,42,38,1110
2013,LAA,49,27.9,4.52,162,6260,5588,733,1476,270,39,164,696,82,34,523,1221,.264,.329,.414,.743,109,2316,150,48,37,64,40,1144
2013,LAD,49,30.6,4.01,162,6145,5491,649,1447,281,17,138,618,78,28,476,1146,.264,.326,.396,.722,103,2176,130,57,71,48,45,1175
2013,MIA,53,27.7,3.17,162,6021,5449,513,1257,219,31,95,485,78,29,432,1232,.231,.293,.335,.627,73,1823,131,56,57,26,31,1080
2013,MIL,40,27.9,3.95,162,6064,5474,640,1381,238,43,157,610,142,50,407,1183,.252,.311,.398,.708,93,2176,116,71,77,35,22,1071
2013,MIN,44,28.3,3.79,162,6212,5564,614,1346,285,15,151,590,52,33,533,1430,.242,.312,.380,.692,90,2114,103,52,29,32,20,1206
2013,NYM,53,28.3,3.82,162,6207,5559,619,1318,263,32,130,593,114,35,512,1384,.237,.306,.366,.672,91,2035,106,51,53,32,40,1137
2013,NYY,56,31.8,4.01,162,6045,5449,650,1321,247,24,144,614,115,31,466,1214,.242,.307,.376,.683,88,2048,121,57,36,36,33,1064
2013,OAK,44,28.3,4.73,162,6209,5521,767,1403,301,25,186,725,74,28,573,1178,.254,.327,.419,.745,108,2312,108,45,21,49,29,1126
2013,PHI,51,30.0,3.77,162,6014,5456,610,1355,255,32,140,578,73,29,417,1205,.248,.306,.384,.690,91,2094,131,53,57,31,41,1061
2013,PIT,49,27.9,3.91,162,6135,5486,634,1346,273,35,161,603,94,42,469,1330,.245,.313,.396,.709,100,2172,120,88,62,29,41,1126
2013,SDP,47,28.1,3.81,162,6122,5517,618,1349,246,26,146,578,118,34,467,1309,.245,.308,.378,.686,96,2085,99,52,52,34,36,1126
2013,SEA,47,28.6,3.85,162,6172,5558,624,1318,249,17,188,597,49,23,529,1353,.237,.306,.390,.695,97,2165,122,31,26,28,21,1131
2013,SFG,44,28.7,3.88,162,6168,5552,629,1446,280,35,107,596,67,26,469,1078,.260,.320,.381,.702,101,2117,131,39,66,42,40,1187
2013,STL,44,28.6,4.83,162,6202,5557,783,1494,322,20,125,745,45,22,481,1110,.269,.332,.401,.733,103,2231,154,64,56,44,38,1087
2013,TBR,42,29.6,4.29,163,6242,5538,700,1421,296,23,165,670,73,38,589,1171,.257,.329,.408,.737,107,2258,140,36,24,55,31,1172
2013,TEX,46,29.6,4.48,163,6196,5585,730,1465,262,23,176,691,149,46,462,1067,.262,.323,.412,.735,99,2301,124,61,45,42,26,1110
2013,TOR,53,29.0,4.40,162,6152,5537,712,1398,273,24,185,669,112,41,510,1123,.252,.318,.411,.729,97,2274,133,38,29,38,19,1065
2013,WSN,44,27.7,4.05,162,6047,5436,656,1365,259,27,161,621,88,28,464,1192,.251,.313,.398,.710,95,2161,115,40,68,39,35,1071
2014,ARI,42,28.1,3.98,102,3850,3514,406,900,181,28,81,383,53,19,245,732,.256,.308,.393,.701,94,1380,80,31,34,22,21,696
2014,ATL,34,26.9,3.85,101,3823,3447,389,846,154,18,85,370,58,20,295,854,.245,.309,.375,.683,90,1291,67,29,32,19,19,709
2014,BAL,35,28.1,4.29,100,3809,3475,429,909,160,8,122,415,29,11,244,756,.262,.315,.418,.733,103,1451,79,40,23,27,23,696
2014,BOS,38,30.2,3.97,101,3900,3459,401,863,182,15,79,380,31,20,357,803,.249,.325,.379,.704,97,1312,97,45,10,29,27,750
2014,CHC,36,27.3,3.88,99,3738,3371,384,798,171,23,92,371,43,26,273,848,.237,.298,.383,.681,86,1291,51,32,36,26,18,644
2014,CHW,39,28.0,4.22,102,3853,3493,430,876,179,22,100,402,60,20,291,874,.251,.313,.401,.713,97,1399,81,34,11,24,21,681
2014,CIN,37,29.0,3.85,101,3767,3386,389,829,182,11,87,368,85,34,268,783,.245,.305,.382,.687,90,1294,56,35,49,26,18,666
2014,CLE,42,29.1,4.46,101,3903,3480,450,890,177,14,97,433,58,17,335,739,.256,.324,.398,.722,105,1386,83,29,26,32,10,722
2014,COL,43,27.5,4.67,102,3833,3485,476,980,194,21,117,453,59,30,250,751,.281,.331,.450,.781,105,1567,78,27,37,34,23,663
2014,DET,36,29.8,4.78,98,3720,3368,468,939,211,16,101,455,66,32,272,685,.279,.332,.441,.773,110,1485,80,21,14,45,23,645
2014,HOU,41,25.8,3.90,101,3783,3399,394,814,147,15,107,373,78,20,311,897,.239,.309,.386,.695,93,1312,82,40,10,23,12,678
2014,KCR,40,27.9,3.98,100,3778,3448,398,911,183,15,57,371,83,20,244,590,.264,.316,.376,.691,90,1295,84,31,21,34,13,697
2014,LAA,48,29.4,4.96,100,3919,3513,496,934,192,19,105,471,59,23,323,779,.266,.331,.421,.752,114,1479,75,36,15,32,22,711
2014,LAD,40,29.5,4.13,103,3919,3474,425,893,194,26,78,405,91,36,353,782,.257,.329,.395,.724,105,1373,75,32,33,27,18,737
2014,MIA,42,27.6,4.13,100,3869,3457,413,877,153,20,81,393,40,11,323,900,.254,.319,.380,.699,93,1313,80,21,43,24,31,725
2014,MIL,34,28.7,4.39,102,3863,3490,448,898,191,23,103,423,70,27,257,766,.257,.315,.414,.729,101,1444,84,47,46,23,19,652
2014,MIN,39,28.3,4.17,100,3850,3421,417,843,190,12,74,390,51,21,355,831,.246,.321,.374,.695,93,1279,59,33,12,29,14,747
2014,NYM,41,28.9,3.93,101,3906,3443,397,823,181,8,75,381,69,25,359,832,.239,.314,.362,.676,93,1245,66,32,44,28,32,739
2014,NYY,46,32.9,3.95,100,3815,3442,395,866,151,17,85,370,71,19,291,705,.252,.313,.379,.693,93,1306,74,33,18,30,12,709
2014,OAK,39,29.5,4.96,100,3932,3485,496,882,169,20,104,468,56,12,376,702,.253,.329,.403,.731,107,1403,72,32,8,29,20,721
2014,PHI,45,31.0,3.82,101,3902,3528,386,841,153,17,81,367,65,17,291,824,.238,.300,.360,.660,84,1271,50,27,34,21,30,733
2014,PIT,39,27.4,4.19,101,3927,3465,423,893,150,20,90,407,71,26,346,803,.258,.334,.390,.724,104,1353,81,58,38,20,30,770
2014,SDP,43,28.6,2.99,100,3577,3239,299,696,144,20,69,281,56,19,258,803,.215,.275,.336,.611,76,1087,77,22,33,24,12,597
2014,SEA,38,27.6,3.92,101,3761,3438,396,842,156,21,81,377,54,27,241,799,.245,.299,.373,.673,91,1283,54,36,22,23,18,649
2014,SFG,32,28.8,4.00,102,3807,3430,408,843,165,24,91,392,39,19,286,796,.246,.307,.387,.694,99,1329,72,29,30,32,29,670
2014,STL,40,28.8,3.68,101,3791,3385,372,848,186,15,65,357,41,15,288,712,.251,.317,.372,.689,92,1259,93,53,39,26,22,721
2014,TBR,39,29.5,3.95,102,3935,3481,403,882,184,14,80,389,40,19,355,712,.253,.327,.383,.710,101,1334,90,40,24,35,22,772
2014,TEX,51,28.9,4.05,101,3770,3410,409,884,169,21,71,381,67,41,262,734,.259,.316,.384,.700,93,1308,93,35,30,31,25,664
2014,TOR,47,29.2,4.50,102,3866,3475,459,902,176,16,122,438,49,15,326,724,.260,.326,.425,.751,105,1476,77,28,19,18,13,713
2014,WSN,35,29.0,4.24,99,3806,3406,420,854,179,17,86,388,53,9,304,813,.251,.317,.389,.706,96,1325,60,35,37,24,18,711
